Planning,Exploitation,Learning,Equity,Equality,General
0.918341986158577,0.0308605084328022,0.050790658606445,6.0018015725004e-08,6.48210577712988e-06,3.04678383078866e-07
0.92861111345489,0.0304981378136784,0.04088408881206,6.10986826640217e-08,6.59882068887664e-06,6.38462138559605e-122
0.917360213625467,0.0313492599808113,0.0512836876368203,5.99474920893832e-08,6.47448903638362e-06,3.04320373454419e-07
0.917394183446858,0.0313133908727549,0.0512855866702463,5.99497119432301e-08,6.47472878651983e-06,3.04331642428785e-07
0.918923750838007,0.0311967051313147,0.049872998055689,6.00533469340615e-08,6.48592164194276e-06,6.30228762337157e-34
0.929018202619522,0.0303242247293562,0.0406509507093849,6.07502725278015e-08,6.56119146489245e-06,1.41135197181461e-59
0.927758926443932,0.0316383039170272,0.0405958486956686,6.06679260563986e-08,6.5522978263481e-06,3.0797761959183e-07
0.919182951918728,0.0317410660739858,0.0490693218095582,6.1101236331675e-08,6.59909649179429e-06,1.31753820686879e-35
0.952010171047159,1.14454311349452e-06,0.0479805761922782,1.2764370170047e-98,7.74421610072503e-06,3.64001347850104e-07
0.920036861792824,0.0300164902786861,0.0499397879211335,6.01337703117926e-08,6.49460758124133e-06,3.0526600531047e-07
0.918249557157891,0.0285336164483666,0.0532097163685899,5.08407079828779e-36,6.79083554605674e-06,3.19189606752016e-07
0.920001145094434,0.0300298975805261,0.0499620942535617,6.01606299346818e-08,6.4975084921528e-06,3.05402356810484e-07
4.79389376030776e-11,0.0258321511948865,0.789548358743056,0.00161834607895597,0.174785692946954,0.00821545098820903
0.918920413754281,0.0311979891820458,0.0498750508192532,6.00558187189409e-08,6.48618860130244e-06,8.10141107906362e-63
0.928018621729186,0.0312747301349633,0.0407000182011374,6.082360078813e-08,6.56911111258758e-06,2.19201056112704e-139
0.916855198150832,0.0311354446032052,0.0520025198661169,5.99354210270644e-08,6.47318532945751e-06,3.04259095324762e-07
0.999989345639637,1.09298084755758e-06,1.818441504057e-06,1.51648678908289e-67,7.39533511463487e-06,3.47602896731959e-07
0.922559105115039,0.0273614732932492,0.0500725433483308,6.02936245021894e-08,6.51187226016402e-06,3.06077496921282e-07
0.916877777632117,0.031328885697112,0.0517865012630725,5.99181334874628e-08,6.47131822907156e-06,3.04171336015335e-07
0.919164731822837,0.0299880367657313,0.0508403779068777,6.0076767744314e-08,6.48845115191755e-06,3.04976634695981e-07
0.327870839343614,0.0555609975192735,0.613161690333644,3.12512793641551e-05,0.00337522152410472,5.51748710380775e-81
0.00042237465397798,0.273142867401302,0.72633707637351,2.00305746771859e-66,9.76815712097918e-05,2.60121205189989e-33
0.917947403106805,0.0312826085880034,0.0507634496860613,5.99858636431793e-08,6.47863326653743e-06,9.67911667917509e-32
0.932638544053795,0.0184069913635761,0.0489475724519269,4.92826392125452e-36,6.58272300772738e-06,3.0940769422903e-07
0.918349941449255,0.030857501938969,0.05078571047663,6.00121686471911e-08,6.48147427713087e-06,3.046487006878e-07
0.754985348029178,0.0258052460447498,0.0429333510601188,0.00161666051107977,0.174603647120611,5.57472342622883e-05
0.91892746942726,0.0311951569859726,0.0498705230940124,6.00503667696838e-08,6.48559977624134e-06,3.04842611500364e-07
0.926737384343292,0.0275010183874271,0.0457546839464611,6.06011254696743e-08,6.54508318481271e-06,3.07638509834434e-07
0.00015859468347018,0.811692669458201,0.00382024319189765,7.99398034150846e-29,0.176053453152099,0.00827503951433244
0.920305321367188,0.0313739201486232,0.0483142007793253,6.0160957827188e-08,6.49754390541801e-06,8.28842021490307e-87
0.918769491533396,0.0313610120313467,0.0498626470244041,6.00408829937107e-08,6.48457550314132e-06,3.04794467597337e-07
0.756250106564813,0.025848475234938,0.0430052734124644,1.6403914040993e-29,0.174896144787785,2.25618112678881e-27
0.810760274693724,1.05269277096142e-06,1.08087674653967e-10,0.0017360921287692,0.187502580376648,3.87037589265965e-126
0.920049815228289,0.0300116278298322,0.0499316980457921,6.01240290868919e-08,6.49355550297046e-06,3.05216554481146e-07
0.926690368241666,0.0275187826523382,0.0457842391547482,6.06402707271912e-08,6.54931097703196e-06,2.33069338761769e-38
0.927872437953906,0.0315198246492025,0.0406008156067408,6.06753487905781e-08,6.55309950143725e-06,3.08015300721746e-07
7.50494011414493e-40,5.70551250264097e-27,3.31326600996443e-05,0.00876555589402644,0.94670341586705,0.0444978955788233
3.32571867164017e-12,0.105345205035172,0.175267566231767,0.00659972134025102,0.712787507389485,2.97500583310036e-16
0.917896592907319,0.0313019800112487,0.0507948844133313,6.00230092523791e-08,6.48264509140503e-06,8.26941493644094e-87
0.950064499367296,9.9235884907008e-07,0.0499274781661721,1.1067154694049e-98,6.71450580240837e-06,3.15601880220668e-07
4.89691011576985e-21,3.36623484861817e-58,5.6005566564219e-58,0.0091740874409246,0.990825912559075,1.70401465728639e-40
0.923381809929465,0.0310374167532982,0.0455741936906229,6.03620698867988e-08,6.51926454425797e-06,8.31612757397018e-87
0.000581085671567981,1.98613903793414e-05,0.999264666651206,2.75572405412186e-66,0.000134386286846693,6.9942771040432e-67
0.923086448858204,0.0313470513668461,0.0455596159260129,6.03427619413383e-08,6.51717923465048e-06,3.06326940614608e-07
1.05051154039486e-43,9.59016755902166e-23,1.09329103279881e-07,0.00876584537147125,0.946734680203179,0.0444993650962466
0.917920811883591,0.0312926303762019,0.050779712413626,6.00050808903165e-08,6.4807087804841e-06,3.04612720053017e-07
0.922939436349432,0.031508621870949,0.0455450601299959,6.03234830928217e-08,6.51509706759053e-06,3.06229072527456e-07
0.949804802602358,9.97519754227647e-07,0.050187133209117,2.35936025812945e-159,6.74942555715095e-06,3.17243213265559e-07
0.917439720920292,0.0312653073536693,0.0512881323764243,5.99526877179453e-08,6.475050178126e-06,3.04346748796726e-07
1.6935905830206e-05,0.0197759944523336,0.969172061516769,0.000101236129450677,0.0109337719956162,5.17064019473669e-29
0.926690082971959,0.027518774181035,0.0457842250606592,6.0640252059864e-08,6.54930896091084e-06,3.07837133965712e-07
0.913744639511885,0.0321717207986754,0.0540768196015415,6.25680827326541e-08,6.75751981544289e-06,9.09591496812864e-130
0.917945775185749,0.0312832292340176,0.0507644568313773,5.99870537609109e-08,6.47876180242671e-06,1.3936208528129e-59
0.91874531381214,0.0313704641370345,0.0498776754619136,6.00589791180027e-08,6.48652993283047e-06,2.23020252085681e-113
0.919170269140885,0.0309059017442798,0.0499169722415669,6.01062973710437e-08,6.49164043036517e-06,3.0512654033375e-07
0.917087171764187,0.0312743772457098,0.0516319140914698,5.99700796597226e-08,6.4769285542254e-06,1.39322651003574e-59
0.932600016363276,0.0184175193258458,0.0489755682381904,4.93108266417636e-36,6.58648802603419e-06,3.09584661364313e-07
0.918914235132743,0.0312003666062144,0.0498788515177705,6.00603952368074e-08,6.48668287743842e-06,1.39532472396137e-59
3.48920826019807e-05,1.19260430537925e-06,0.195898175188404,0.00737656940815565,0.796689170716533,1.03343838489358e-51
0.918643909442933,0.0299758484807588,0.0513733913572805,6.00523502483898e-08,6.48581399723189e-06,3.04852680528434e-07
0.918815446698251,0.031312867295458,0.0498651410625554,6.00438861285573e-08,6.48489984971465e-06,1.39494118391271e-59
0.932635730086342,0.0184077602999639,0.0489496171950795,4.92846979528264e-36,6.5829979953748e-06,3.09420619471947e-07
0.927719794892161,0.0315866647250263,0.0406869125829729,6.08040152714018e-08,6.56699582454284e-06,5.91110878831245e-165
0.161959689218366,0.00553574932350822,0.304671959561946,0.0048423824439663,0.522990219452213,3.28717466142561e-69
0.929018202619522,0.0303242247293562,0.0406509507093849,6.07502725278015e-08,6.56119146489245e-06,8.19509152337393e-63
0.919161698756715,0.0285619602665853,0.0522694804564766,6.29390124173188e-08,6.79758121072278e-06,7.72694619969688e-106
0.920049176494782,0.0300118675970366,0.0499320969572981,6.01245094263942e-08,6.49360738091786e-06,3.05218992900029e-07
0.966730709971491,1.05662940845507e-06,0.0332607479833876,1.46604997009718e-67,7.14937373785223e-06,3.36041975458137e-07
0.0340797931167638,0.090756757457074,0.862351051784004,0.000117542056297056,0.0126948555858612,2.39045499035986e-27
0.148158036625771,0.0116603407267997,0.839433427038465,6.55856773284257e-06,0.000708342808025308,3.32942332067671e-05
0.559718558105772,0.0511629509860087,0.388645587675991,4.33845560356573e-06,0.000468564776625545,2.53853644043378e-53
0.917413540458274,0.0312753371010007,0.0513045853414642,5.99719202270922e-08,6.47712734041043e-06,6.38834721125254e-64
0.919206324219285,0.0308921157932619,0.049894706172776,6.00794862306253e-08,6.48874475568987e-06,3.04990434952517e-07
0.916654091421211,0.0313310508989331,0.0520080195768985,5.99417597099219e-08,6.47386992411252e-06,3.0429127332366e-07
0.917439720920292,0.0312653073536693,0.0512881323764243,5.99526877179453e-08,6.475050178126e-06,3.04346748796726e-07
0.115771737036036,0.0332933136455092,0.846015941847674,4.3119263584168e-05,0.00465699547391198,0.000218892733284792
0.920728105321202,0.0309406929954703,0.0483246425611973,6.01739599588327e-08,6.49894817031466e-06,8.29021152831717e-87
0.0432084040385451,0.0709644826482361,0.883991238101292,1.60929999884974e-05,0.0017380869216796,8.16952902583366e-05
0.918927074270765,0.0311953090346236,0.0498707661684668,6.00506594618239e-08,6.48563138777314e-06,3.04844097337024e-07
0.926651769840324,0.0321231881440247,0.0412180150028676,6.15977142178163e-08,6.65271742769325e-06,3.12697641575305e-07
0.923764805264287,0.0303389717505729,0.0458895978230765,6.07798160879712e-08,6.56438224818876e-06,6.4744061410031e-64
0.920328001515085,0.0313648713122484,0.0483002660432336,6.01436062606335e-08,6.49566988995039e-06,3.05315937001024e-07
0.918058171762316,0.0311654089692808,0.0507695753083483,5.99931021335796e-08,6.47941504280701e-06,3.04551910507919e-07
0.921564564896645,0.0300624923697209,0.0483663779467441,6.0225928960271e-08,6.50456096108066e-06,1.12656253105705e-36
5.02623910299633e-07,6.14645604434994e-14,7.12445468062289e-27,3.98378671306245e-25,0.955106625767329,0.0448928716086996
0.86486729462782,0.050848571669258,0.0842734641954543,9.78829944605355e-08,1.05716244732676e-05,2.81517144405504e-34
0.92301416937948,0.0313766347108349,0.0456026121802431,6.03997095841279e-08,6.52332973196135e-06,2.24285504934878e-113
0.920270961782525,0.0314175216830174,0.0483046547815971,6.01490711280918e-08,6.49626011021166e-06,3.053436791208e-07
0.917439720920292,0.0312653073536691,0.0512881323764244,5.99526877179453e-08,6.475050178126e-06,3.04346748796726e-07
0.923358522124411,0.0310467262895624,0.0455878634690148,6.03801752234336e-08,6.52121996890472e-06,3.06516867225089e-07
6.9708599303739e-14,0.943470490344834,0.00141208683840607,6.14920880839325e-30,0.0526430421870951,0.0024743806295951
0.926402022847149,0.00258735100841182,0.0526812121235547,2.56421242444554e-90,0.0175065535769929,0.000822860443891651
0.917947123577986,0.0312825990619776,0.0507634342278258,5.99858453765797e-08,6.47863129369595e-06,3.04515071952655e-07
0.917215729899154,0.0313502475881793,0.0514274697557876,6.01155645864395e-08,6.49264131434526e-06,1.7330629294817e-91
0.936382707276464,0.0323350050391578,0.0312751868796653,6.22445629292434e-08,6.72257881378908e-06,3.15981335931301e-07
0.919182666809133,0.0317410562286308,0.0490693065893733,6.11012173794646e-08,6.59909444490501e-06,3.1017720080289e-07
0.748881107991269,0.0255966043585162,0.0425862244818522,0.00160358941791855,0.173191934196247,0.00814053955419689
0.917088269198715,0.0313048680060363,0.0516003298953564,5.9933394853625e-08,6.47296649732187e-06,9.67065049222257e-32
0.91912865981636,0.0300014186556022,0.0508630649651689,6.01035764579362e-08,6.4913465644924e-06,3.05112727757709e-07
0.9187910014779,0.0313222958124568,0.0498801557951802,6.00619657504487e-08,6.48685249710052e-06,8.2747820023547e-87
0.91707292925394,0.031324234463589,0.0515963038922939,5.99287186813657e-08,6.47246145824567e-06,6.28920853395213e-34
0.790234350884,0.0270100498119689,6.61557219954667e-13,2.06556741607859e-21,0.182755599303369,3.07737503436084e-23
0.931540804310611,0.0276628200789963,0.0407897310616709,6.09576709791479e-08,6.58359105080678e-06,1.14025020935605e-36
0.920438071827705,0.0312481150827352,0.0483072563272699,6.01523105789568e-08,6.49660997954527e-06,2.2336682484225e-113
0.924085509846333,0.0274067437610798,0.0485008567689233,6.03933823097886e-08,6.52264636945673e-06,3.06583912322586e-07
0.919170549604215,0.0309059111744935,0.0499169874725646,6.01063157110758e-08,6.49164241113756e-06,2.3101709623313e-38
0.918770815474245,0.0313606185636401,0.0498620214278401,6.00401296969577e-08,6.48449414508282e-06,1.39485391439232e-59
0.919949870205375,0.030049145101865,0.0499941172224281,6.01991896069326e-08,6.50167303960146e-06,3.05598103011879e-07
0.0625586714025901,0.0271979028253747,0.901976042527003,7.58456967975591e-05,0.0081915375482345,3.07103553133649e-95
2.18027144653115e-08,1.81543441498476e-08,0.740188236763269,0.0022774696409588,0.245972795644203,0.011561457994511
0.92812451971428,0.0312287191945617,0.0406401409103113,6.07341179673736e-08,6.55944672927911e-06,2.25527281652136e-113
0.919212482540778,0.0308897611092001,0.0498909030577618,6.00749068029935e-08,6.48825016529147e-06,3.04967187722673e-07
0.919178609517729,0.0299828884581417,0.0508316496961755,6.00664538420816e-08,6.48733722296742e-06,3.04924276699512e-07
0.920046257216752,0.0300129634329753,0.049933920148946,6.01267047778836e-08,6.4938444847341e-06,3.05230137489433e-07
0.916070049392526,0.0314825319257651,0.052440848705775,6.02735337052021e-08,6.50970240050363e-06,1.55346856187632e-72
0.931000055237665,0.018398732173212,0.0505946328197731,4.92605261637116e-36,6.57976934944823e-06,2.34153256252282e-38
0.917947057608752,0.0312826242126996,0.0507634750408355,5.99858936042641e-08,6.47863650241451e-06,3.04515316778025e-07
1.00842644377909e-12,4.51295478913017e-32,1.9276414632954e-07,0.00917408567248021,0.990825721562365,5.22268116620325e-51
0.917130095920771,0.0312580716589027,0.0516049946535344,5.99388129351437e-08,6.4735516645769e-06,3.04276314172415e-07
0.9187910014779,0.0313222958124568,0.0498801557951802,6.00619657504487e-08,6.48685249710052e-06,8.2747820023547e-87
0.918007424028365,0.0311847101481396,0.0508010176248787,6.00302567108133e-08,6.48342783624619e-06,3.0474052381642e-07
0.988537700298095,1.18845790908031e-06,0.0114526174684903,7.44551308427249e-08,8.04135271622321e-06,3.7796765859482e-07
0.923399013379779,0.0310304477730012,0.045563960697961,6.03485165012491e-08,6.51780074246929e-06,2.24095406894312e-113
0.922559105115039,0.0273614732932492,0.0500725433483308,6.02936245021894e-08,6.51187226016402e-06,3.06077496921282e-07
0.917947123577986,0.0312825990619776,0.0507634342278258,5.99858453765797e-08,6.47863129369595e-06,3.04515071952655e-07
0.000697290635510188,2.38332524743844e-05,0.999117615382412,2.65797289199878e-97,0.000161260729603487,5.73876118399832e-37
0.922553180408222,0.0273635666149698,0.0500763742071984,6.02982373369016e-08,6.5123704586162e-06,3.06100913740458e-07
0.920732926787797,0.0309386919033889,0.0483215171606259,6.01700682026008e-08,6.49852785026161e-06,3.05450269694205e-07
0.921566380869686,0.0300617963491579,0.0483652581462568,6.02245345820383e-08,6.50441036451247e-06,1.12653644836645e-36
0.917542620190782,0.031151212129272,0.0512993268375334,5.99657733578377e-08,6.47646346213614e-06,3.04413177377475e-07
0.920326159348704,0.0313655965270363,0.0483013828361848,6.01449968938751e-08,6.49582008204954e-06,3.05322996479455e-07
0.249714638461596,0.280691614644202,0.466999291936724,2.38017566414429e-05,0.00257065320083649,4.58256905665238e-59
0.919219680690623,0.0308871254350757,0.0498866461079665,6.00697809013453e-08,6.48769655424176e-06,1.29529672666757e-35
0.923039772690379,0.0306273856899407,0.0463258419974991,6.13576124067161e-08,6.62678579169977e-06,3.11478777027775e-07
0.957977956186465,1.00221321707585e-06,0.0420139416819326,1.39054870626147e-67,6.7811825002741e-06,3.18735884692864e-07
0.918058171762316,0.0311654089692808,0.0507695753083483,5.99931021335796e-08,6.47941504280701e-06,3.04551910507919e-07
0.919219794239711,0.03088696542194,0.0498863876663484,6.00694697052119e-08,6.48766294422935e-06,3.04939586574239e-07
8.02927093501363e-08,9.94509673309248e-13,0.0201683342342802,0.00898906064250006,0.970842524829516,2.1296125050937e-41
0.9315405160468,0.0276628115187809,0.040789718439354,6.09576521158942e-08,6.58358901352507e-06,3.09448399094894e-07
0.920733208026004,0.0309387013536236,0.0483215319204508,6.017008658157e-08,6.4985298352393e-06,6.40945634821538e-64
2.50329437197356e-42,1.4682096547646e-21,1.69882009374813e-15,0.00876584632983335,0.946734783708842,0.0444993699613228
3.97962484224101e-06,0.128762437145513,2.26307213624098e-07,1.16821554171957e-20,0.871233356921207,1.22370043804202e-12
0.920686615537699,0.030956886914627,0.0483499349925925,6.02054541546172e-08,6.50234962746006e-06,9.71454906361977e-32
0.919170893035844,0.0299857510965382,0.050836502885433,6.00721887310783e-08,6.48795660627504e-06,3.04953389569798e-07
0.917439720920292,0.0312653073536693,0.0512881323764243,5.99526877179453e-08,6.475050178126e-06,3.04346748796726e-07
0.917393605550258,0.0313136099360468,0.0512859454557093,5.99501313414773e-08,6.47477408264915e-06,3.04333771482509e-07
0.921543464307252,0.0300704625269426,0.0483792008235616,6.02418960370101e-08,6.50628544795554e-06,3.05814900017009e-07
0.752013209033661,0.000127530143429552,0.244230599901299,3.32896525883204e-05,0.00359537126902214,4.90625381928084e-183
0.921561327230183,0.0300637332925663,0.0483683744193788,6.02284149727484e-08,6.50482945705886e-06,1.12660903342832e-36
1.69990845560092e-32,3.28027666823085e-10,5.45754415700005e-10,0.00876584632217393,0.946734782881604,0.0444993699224401
5.67754191965383e-08,3.17351188636973e-21,3.22861762855852e-09,0.00917408689044232,0.990825853105521,1.72795665733132e-49
0.918958810507554,0.0300644288667633,0.050969889662379,6.02298084567503e-08,6.50497995704776e-06,3.05753538034872e-07
0.922974141762614,0.0314649022999083,0.0455540729260618,6.0335420353406e-08,6.51638632357245e-06,3.0628967141946e-07
4.99753963097971e-11,0.105316982528248,0.148592297641376,5.80858379074346e-94,0.712596548053883,0.0334941717265174
0.920416698747598,0.0312563894424323,0.0483200478704965,6.0168238639034e-08,6.49833025251661e-06,3.05440982008457e-07
0.979730248524901,0.0202603167161579,1.78160112851821e-06,6.70864053201294e-08,7.24551070606822e-06,3.4056070085961e-07
0.920025070424349,0.030020916511887,0.0499471520448299,6.01426376406567e-08,6.49556527640941e-06,3.05311019851319e-07
0.917816952722521,0.0313860279202636,0.0507904772567815,6.00178014287681e-08,6.48208263256484e-06,2.2286734474746e-113
0.92408870771247,0.027405611065858,0.0484988522736357,4.88308473555366e-36,6.52237679455061e-06,3.06571241494719e-07
0.920326159348704,0.0313655965270363,0.0483013828361848,6.01449968938751e-08,6.49582008204954e-06,3.05322996479455e-07
0.920049815228289,0.0300116278298322,0.0499316980457921,6.01240290868919e-08,6.49355550297046e-06,3.05216554481146e-07
0.949989184916122,9.93855559048725e-07,0.0500027805175845,1.37895264031564e-67,6.72463285256321e-06,3.16077881904785e-07
1.88896387289869e-08,5.2951660166423e-12,8.07531147617182e-13,0.00917408726757342,0.990825893836685,2.38657937200117e-63
0.920049176494782,0.0300118675970366,0.0499320969572981,6.01245094263942e-08,6.49360738091786e-06,3.05218992900029e-07
5.74670395410236e-18,0.020040011777656,0.0333414709321893,0.00829791245554021,0.896196677221481,0.0421239276131335
0.919152823150989,0.029992454610779,0.0508478677240176,6.00856182687057e-08,6.4894070321578e-06,3.05021563929787e-07
0.920710353531496,0.0309476217143767,0.0483354641631764,6.0187435043379e-08,6.50040351538614e-06,2.88212115297715e-93
0.917439720920292,0.0312653073536693,0.0512881323764243,5.99526877179453e-08,6.475050178126e-06,3.04346748796726e-07
0.000412162145978369,0.266538603409368,0.732953914695627,7.13626989255431e-35,9.53197490265729e-05,8.57995682081833e-164
0.91922003975428,0.0308868715474575,0.0498862360470889,6.00692871366008e-08,6.4876432263324e-06,3.04938659774035e-07
0.917881499601525,0.0313518526020599,0.0507598051534191,5.99815569926371e-08,6.47816813679225e-06,3.04493302191194e-07
0.916420683155353,0.0313230730517539,0.0522496967159734,6.00634561431167e-08,6.48701346348382e-06,2.30852366573383e-38
5.75723882357314e-09,2.91493737776068e-05,1.73744169311846e-16,0.00876559076043515,0.946707181532187,0.0444980725763615
0.91874531381214,0.0313704641370345,0.0498776754619136,6.00589791180027e-08,6.48652993283047e-06,2.23020252085681e-113
0.939352614343827,0.0188576857291037,0.0417829560263814,5.04893224435357e-36,6.74390068803433e-06,2.3999417336379e-38
0.918050190580829,0.0311684444981483,0.0507745202943613,5.99989454964424e-08,6.48004614158151e-06,3.04581574040232e-07
0.931585206940874,0.0276448779755342,0.0407632748445243,6.09181338373673e-08,6.57932093404182e-06,5.89726274670854e-65
1.86124552795157e-16,2.0573717863077e-10,0.00104167771027734,0.0091645309966378,0.989793791087348,1.7046627794219e-25
0.0217340994566089,0.00909127418871082,0.9641016938768,4.65395261339852e-05,0.00502639295174686,5.77087313264518e-31
0.748881107991269,0.0255966043585162,0.0425862244818522,0.00160358941791855,0.173191934196247,0.00814053955419689
0.917939132547147,0.0312856456366343,0.0507683780175632,5.99916873258345e-08,6.47926223979701e-06,3.04544728308859e-07
3.18048076382889e-12,0.821754942589007,9.13052163399801e-06,8.09307894942399e-29,0.178235926886179,2.26607356725643e-34
6.32916338491503e-14,4.37707436232559e-05,0.00564961157949702,0.00871593901529135,0.941344660626533,0.0442460180349923
0.920247496875858,0.0314462244072615,0.0482994177079546,6.01425499115246e-08,6.49555580142915e-06,3.05310574498872e-07
1.88459220578535e-08,6.44149792989479e-10,0.00231431949058819,0.00915285549274808,0.988532805526592,4.62565965677675e-93
0.917373842066895,0.0313346480137527,0.0512846710313133,5.9948641617358e-08,6.47461318847091e-06,3.04326208974312e-07
0.768553467008527,8.17934026484264e-12,0.0437049220805187,0.00164571411088909,0.177741513391188,0.00835438340069731
0.920305040302328,0.0313739105669048,0.0483141860239786,6.01609394537951e-08,6.49754192104258e-06,3.05403928068411e-07
1.96200038735377e-45,0.128762978714011,3.4107983567477e-22,1.46878262790194e-19,0.871237021285989,3.63633648663612e-16
0.920049176494782,0.0300118675970366,0.0499320969572981,6.01245094263942e-08,6.49360738091786e-06,3.05218992900029e-07
0.0638508558963523,0.00710412913605117,0.920606864278281,7.74123322634833e-05,0.00836073835705253,6.05100575292244e-26
0.935342144197927,0.018471672437043,0.0461795163469183,6.11638071315959e-08,6.60585430507331e-06,3.61446754204158e-36
1.00842663713674e-12,5.81706379512821e-37,1.02224143507115e-09,0.00917408743153721,0.990825911545213,3.3496094184956e-84
0.917360213625467,0.0313492599808113,0.0512836876368203,5.99474920893832e-08,6.47448903638362e-06,3.04320373454419e-07
0.999931500148397,8.47325864528382e-06,2.32184412157612e-15,3.12825663572875e-100,5.73318254705735e-05,2.69476748512247e-06
0.999998252322336,4.04858458587054e-16,2.92968403789833e-22,6.20661724106856e-30,1.6692193556859e-06,7.84583084232718e-08
0.999881669666938,1.12961558865608e-05,2.70095042897089e-05,4.17104103461208e-100,7.64321337148328e-05,3.59253917109233e-06
0.999998005623421,2.46699345975855e-07,4.33528594491351e-19,1.20537349503422e-79,1.66921894389058e-06,7.84582890676584e-08
0.999923692188395,2.11711937031705e-30,5.20124003096841e-12,6.68902504701502e-07,7.22432545909025e-05,3.39564930809521e-06
0.999998005623421,2.46699345975855e-07,6.73581101064613e-16,1.20537349503422e-79,1.66921894389058e-06,7.84582890676584e-08
0.999998005623421,2.46699345975855e-07,6.73581101064613e-16,1.79982843159772e-151,1.66921894389058e-06,7.84582890676584e-08
0.999998251382533,9.39804378685202e-10,1.59111184585963e-28,5.92977186145991e-55,1.66921935411716e-06,7.84583083495363e-08
0.999908676695705,1.12964609982718e-05,8.92575686568884e-12,2.10750431331733e-123,7.64341981639538e-05,3.59263620638329e-06
0.999998005623421,2.46699345975855e-07,4.33528594491351e-19,7.19096010134221e-128,1.66921894389058e-06,7.84582890676584e-08
0.999998005623421,2.46699345975855e-07,6.73581101064613e-16,6.09764088736557e-104,1.66921894389058e-06,7.84582890676584e-08
0.145409541896125,0.105710681382004,3.46419418780684e-18,2.87371405776847e-68,0.715260396157238,0.0336193805646332
0.999998005623421,2.46699345975855e-07,2.9296833151472e-22,5.9297704041619e-55,1.66921894389058e-06,7.84582890676584e-08
0.996872680298178,0.000386841549005032,1.04387192457429e-14,2.60813563288183e-73,0.00261745015710894,0.000123027995697192
0.999998005622352,2.46699345975591e-07,1.0696141599931e-12,5.92977040415556e-55,1.66921894388879e-06,7.84582890675745e-08
0.999998005623421,2.46699345975855e-07,6.73581101064613e-16,1.79982843159772e-151,1.66921894389058e-06,7.84582890676584e-08
0.99999808408156,2.46699365331465e-07,4.33528628505265e-19,5.92977086940157e-55,1.66921907485465e-06,1.14258985689724e-40
0.999998005623421,2.46699345975855e-07,4.33528594491351e-19,1.20537349503422e-79,1.66921894389058e-06,7.84582890676584e-08
0.999998005623421,2.46699345975855e-07,6.73581101064613e-16,1.20537349503422e-79,1.66921894389058e-06,7.84582890676584e-08
0.999998251382533,9.39804378685202e-10,4.33528701035165e-19,6.20661723523556e-30,1.66921935411716e-06,7.84583083495363e-08
0.99999823686701,9.56343519834615e-29,4.33528694742259e-19,1.54553528489362e-08,1.66921932988753e-06,7.84583072106709e-08
1.32649996269954e-09,0.123697474315717,1.67771345991957e-13,6.83820494096281e-20,0.836962767868145,0.0393397564894704
6.18471609521685e-33,0.123696681136912,6.41357401303764e-06,1.92360595183072e-14,0.836957401055835,0.0393395042332202
0.145409541781378,0.105710681298584,7.89131496117823e-10,2.87371405550073e-68,0.715260395592803,0.033619380538103
0.999998252322336,4.04858458587054e-16,2.92968403789833e-22,6.20661724106856e-30,1.6692193556859e-06,7.84583084232718e-08
0.99999823686701,6.51484833162741e-35,6.73581256826235e-16,1.54553528489362e-08,1.66921932988752e-06,7.84583072106709e-08
1.85490278212095e-15,8.79200329636846e-66,1.69612397008299e-26,0.00917408744092458,0.990825912559074,2.44012969270131e-24
0.99999823686701,1.76089716726364e-22,1.59111182276377e-28,1.54553528489362e-08,1.66921932988753e-06,7.84583072106709e-08
0.999925334829601,1.08582640227041e-08,1.40972554341769e-05,5.3083385322346e-07,5.73314719773782e-05,2.6947508698837e-06
0.145409541781378,0.105710681298584,7.89131496117823e-10,2.87371405550073e-68,0.715260395592803,0.033619380538103
0.999998252322336,4.04858458587054e-16,2.09657377731036e-25,6.20661724106856e-30,1.6692193556859e-06,7.84583084232718e-08
3.09328632974832e-57,6.36896166401181e-74,8.83186931213459e-17,0.00913900395851511,0.9870368028849,0.00382419315658455
0.999939962033808,1.0858422860609e-08,6.84049802150362e-12,6.33720482555621e-28,5.73323106391451e-05,2.69479028949823e-06
0.853896959711522,0.0180725770078818,7.24562998627714e-10,6.97939848668676e-138,0.122282804549592,0.0057476580064411
0.999998082517968,2.46699364945727e-07,1.56359464406726e-09,1.20537358772105e-79,1.66921907224467e-06,1.1425898551107e-40
0.999998252322336,4.04858458587054e-16,2.92968403789833e-22,6.20661724106856e-30,1.6692193556859e-06,7.84583084232718e-08
0.999919264604162,4.66096705250087e-36,1.03129920758862e-18,7.07714073292536e-07,7.64350075161596e-05,3.59267424836068e-06
0.999998005623421,2.46699345975855e-07,2.9296833151472e-22,5.9297704041619e-55,1.66921894389058e-06,7.84582890676584e-08
0.999998005623421,2.46699345975855e-07,6.73581101064613e-16,6.09764088736557e-104,1.66921894389058e-06,7.84582890676584e-08
0.999913684217523,1.06769608292937e-05,6.74798535314541e-10,1.1086971802123e-57,7.22425315273394e-05,3.39561532194243e-06
0.999998005623421,2.46699345975855e-07,4.33528594491351e-19,7.19096010134221e-128,1.66921894389058e-06,7.84582890676584e-08
0.898907069417374,4.37616894566581e-14,1.13716236486642e-21,7.74884561455758e-24,0.0965545763483058,0.00453835423427669
0.999998251382533,9.39804378685202e-10,4.33528701035165e-19,5.92977186145991e-55,1.66921935411716e-06,7.84583083495363e-08
0.999931500141559,8.47325864522587e-06,6.84044013447101e-12,1.53015081857762e-76,5.73318254701815e-05,2.69476748510404e-06
0.999998252322336,4.04858458587054e-16,2.92968403789833e-22,6.20661724106856e-30,1.6692193556859e-06,7.84583084232718e-08
6.60985552165866e-07,0.122005238576668,0.0136797792196353,4.32497383605947e-21,0.825512749863538,0.0388015713546064
2.6650578136351e-10,0.123697474446856,6.52734089288024e-23,1.33695580897279e-41,0.836962768755461,0.0393397565311769
0.99999823686701,1.76089716726364e-22,2.09657374490708e-25,1.54553528489362e-08,1.66921932988753e-06,7.84583072106709e-08
0.999944122587273,1.44577353595091e-06,4.41894333078287e-05,1.49590792685406e-57,9.78240361861809e-06,4.59802264822821e-07
0.962970682114445,3.69823387034982e-18,2.24640274455758e-08,0.000324593113367112,0.0350569219917907,0.00164778031636967
0.999998251382533,9.39804378685202e-10,4.33528701035165e-19,6.20661723523556e-30,1.66921935411716e-06,7.84583083495363e-08
0.996736564514287,1.40762711520598e-14,3.52619014869393e-25,8.41461995557789e-26,0.00311693042179886,0.000146505063899697
1.58005912006615e-05,1.23280973875633e-15,1.44301060907995e-28,1.74657354574704e-21,0.955092014570122,0.0448921848386757
0.999931500148399,8.47325864528384e-06,7.85188834114531e-19,1.53015081858809e-76,5.73318254705737e-05,2.69476748512247e-06
0.16140261439898,3.18187743064094e-39,1.6498858760151e-26,0.00735101581477856,0.793929314475783,0.0373170553104579
0.999998005623421,2.46699345975855e-07,4.33528594491351e-19,6.09764088736557e-104,1.66921894389058e-06,7.84582890676584e-08
0.999998251382533,9.39804378685201e-10,6.73581266603636e-16,6.20661723523555e-30,1.66921935411716e-06,7.84583083495363e-08
2.2486813709484e-06,4.64520035691154e-07,1.59012040307326e-11,4.11114646086891e-21,0.955104514413925,0.0448927723687669
0.999998315325185,9.56343594867715e-29,1.3922198882472e-58,1.54553540615372e-08,1.66921946085166e-06,1.14259012111437e-40
0.997234283929467,6.27650588566607e-15,1.04425057661882e-14,2.42438420660947e-05,0.00261839960582013,0.000123072622629872
0.999998251382533,9.39804378685202e-10,2.929684035145e-22,5.92977186145991e-55,1.66921935411716e-06,7.84583083495363e-08
0.999919264604162,2.15973078472352e-22,4.87707764857152e-29,7.07714073292536e-07,7.64350075161596e-05,3.59267424836068e-06
0.999997579724281,2.46699240906606e-07,4.10444647485275e-07,1.54553426925456e-08,1.66921823297025e-06,7.84582556522739e-08
0.999942136721901,3.46794665971592e-36,5.76977918137855e-36,5.30842772902681e-07,5.73324353265243e-05,2.80553911910362e-38
0.99627761789536,0.000460449265389938,2.34085434157756e-14,3.16492842080043e-120,0.00311549523347584,0.000146437605750647
0.99999823686701,1.76089716726364e-22,2.09657374490708e-25,1.54553528489362e-08,1.66921932988753e-06,7.84583072106709e-08
0.999998005623421,2.46699345975855e-07,4.33528594491351e-19,5.9297704041619e-55,1.66921894389058e-06,7.84582890676584e-08
7.6257135229018e-32,0.12876001873695,2.29877957960466e-05,5.34796931560922e-32,0.871216993467254,3.63625289527552e-16
0.999908676695705,1.12964609982718e-05,8.92575686568884e-12,2.38149099943838e-146,7.64341981639538e-05,3.59263620638329e-06
0.999998005623421,2.46699345975855e-07,4.33528594491351e-19,7.19096010134221e-128,1.66921894389058e-06,7.84582890676584e-08
0.99999823686701,9.56343519834615e-29,1.59111182276377e-28,1.54553528489362e-08,1.66921932988753e-06,7.84583072106709e-08
0.99999823686701,6.2809837754606e-53,6.73581256826235e-16,1.54553528489362e-08,1.66921932988752e-06,7.84583072106709e-08
0.999998330780513,4.04858490351566e-16,2.09657394180401e-25,6.20661772802929e-30,1.66921948665004e-06,5.21780179187452e-111
1.26475595675857e-20,1.4683188854864e-10,0.00030243898048021,0.00917131283792508,0.990526248034763,7.62155850815925e-22
0.999998005623421,2.46699345975855e-07,4.33528594491351e-19,6.09764088736557e-104,1.66921894389058e-06,7.84582890676584e-08
0.99999823686701,6.51484833162742e-35,4.33528694742259e-19,1.54553528489362e-08,1.66921932988753e-06,7.84583072106709e-08
1.90377617461603e-21,5.37425522903765e-18,0.0069021384984857,0.00911076661881012,0.983987094882704,2.07973339223038e-21
0.999998251382533,9.39804378685201e-10,6.73581266603636e-16,6.20661723523555e-30,1.66921935411716e-06,7.84583083495363e-08
0.898904805356872,2.51868135494186e-06,7.2808112000919e-14,7.74882609768438e-24,0.0965543331580918,0.00453834280360836
0.999998005623421,2.46699345975855e-07,2.9296833151472e-22,5.9297704041619e-55,1.66921894389058e-06,7.84582890676584e-08
0.999998005623421,2.46699345975855e-07,2.9296833151472e-22,5.9297704041619e-55,1.66921894389058e-06,7.84582890676584e-08
0.88625637282692,0.0140692883658134,4.13148023636757e-06,1.59268346140921e-93,0.0951957232573028,0.00447448406972781
0.898904804831492,2.51868135346977e-06,5.84538966730042e-10,7.74882609315546e-24,0.0965543331016591,0.00453834280095585
0.999942656676409,1.08584521219346e-08,2.72256246244765e-22,6.3372219030836e-28,5.73324651385076e-05,1.05103159717131e-140
1.56620878155622e-05,4.54310662987384e-33,7.55857128839929e-33,0.00876570903837837,0.946719955865523,0.0444986730082828
0.999998251382533,9.39804378685201e-10,6.73581266603636e-16,6.20661723523555e-30,1.66921935411716e-06,7.84583083495363e-08
0.999998252322336,4.04858458587054e-16,4.33528701442597e-19,6.20661724106856e-30,1.6692193556859e-06,7.84583084232718e-08
0.999998005623421,2.46699345975855e-07,6.73581101064613e-16,5.92977040416189e-55,1.66921894389058e-06,7.84582890676584e-08
0.996872680241454,0.00038684154898302,5.69128319686671e-11,2.60813563273342e-73,0.00261745015696,0.000123027995690191
0.998292119073702,6.60990758449817e-05,0.00117352017137597,8.15078131775645e-106,0.000447240057072962,2.10216220040495e-05
0.999939972898418,1.39556463777894e-15,7.8519548727898e-19,6.3372048944116e-28,5.73323112620756e-05,2.69479031877784e-06
0.999908676704627,1.12964609983726e-05,3.03735678638075e-15,2.7572794248051e-52,7.64341981646358e-05,3.59263620641535e-06
0.999998251382533,9.39804378685202e-10,2.929684035145e-22,6.20661723523556e-30,1.66921935411716e-06,7.84583083495363e-08
0.99999823686701,4.04858452329824e-16,2.09657374490708e-25,1.54553528489362e-08,1.66921932988752e-06,7.84583072106709e-08
7.91732865959328e-18,3.31955943977852e-34,1.00012010464487e-09,0.00876584632106647,0.946734782761995,0.0444993699168181
0.999590337850826,1.97532201997386e-31,2.63534098059275e-51,3.5910354468114e-06,0.000387841406192253,1.82297075352589e-05
0.999998005623421,2.46699345975855e-07,6.73581101064613e-16,1.79982843159772e-151,1.66921894389058e-06,7.84582890676584e-08
0.99990867670463,1.12964609983726e-05,1.03128828741458e-18,4.17115369540571e-100,7.6434198164636e-05,3.59263620641536e-06
0.999939962040648,1.08584228606833e-08,7.85195478752997e-19,6.33720482559956e-28,5.73323106395372e-05,2.69479028951667e-06
2.01074774548292e-32,0.102585308767586,0.170675802404354,4.4406770687935e-30,0.694113476800538,0.0326254120275212
0.997234283929484,6.7229276173956e-30,3.33042670458341e-22,2.42438420660951e-05,0.00261839960582017,0.000123072622629874
0.99999823686701,9.56343519834615e-29,1.08390468372261e-34,1.54553528489362e-08,1.66921932988753e-06,7.84583072106709e-08
0.999998005623421,2.46699345975855e-07,6.73581101064613e-16,1.11509880014212e-220,1.66921894389058e-06,7.84582890676584e-08
0.999919264604159,8.60870266099949e-43,3.0373889485464e-15,7.07714073292534e-07,7.64350075161594e-05,3.59267424836067e-06
0.999908676704627,1.12964609983726e-05,3.03735678638075e-15,4.1711536954057e-100,7.64341981646358e-05,3.59263620641535e-06
0.999998005623421,2.46699345975855e-07,4.33528594491351e-19,5.9297704041619e-55,1.66921894389058e-06,7.84582890676584e-08
0.999942136721901,2.1990891628601e-29,2.42779860516965e-39,5.30842772902681e-07,5.73324353265243e-05,2.80553911910362e-38
0.999998005622352,2.46699345975591e-07,1.0696141599931e-12,6.20661570989351e-30,1.66921894388879e-06,7.84582890675745e-08
0.898104162700286,4.77647269001171e-60,1.4828577899401e-25,0.000893203251418997,0.0964683334867763,0.00453430056151874
0.996872409652839,0.000386841443979722,2.71494399956503e-07,2.38951030732602e-141,0.00261744944648591,0.000123027962295781
0.853896960330224,0.0180725770209765,1.12312873524922e-17,1.32927436178747e-70,0.122282804638193,0.00574765801060564
4.72730834166896e-08,0.101930216973066,0.169585896656431,0.00638577738729504,0.689680989843284,0.0324170718668409
0.99999823686701,1.76089716726364e-22,2.09657374490708e-25,1.54553528489362e-08,1.66921932988753e-06,7.84583072106709e-08
0.999931500141559,8.47325864522587e-06,6.84044013447101e-12,1.81126897627659e-146,5.73318254701815e-05,2.69476748510404e-06
0.99999823686701,1.76089716726364e-22,2.09657374490708e-25,1.54553528489362e-08,1.66921932988753e-06,7.84583072106709e-08
1.15895730582266e-22,0.106045072966611,0.176431968057042,5.28920254378481e-41,0.717522958976347,7.4719314242453e-21
0.99999823686701,9.56343519834615e-29,4.33528694742259e-19,1.54553528489362e-08,1.66921932988753e-06,7.84583072106709e-08
0.874733313446425,5.5709288713265e-14,1.91589432034868e-25,1.02734072197087e-23,0.125266686553519,3.24189328364275e-33
0.99999823686701,9.56343519834615e-29,2.09657374490708e-25,1.54553528489362e-08,1.66921932988753e-06,7.84583072106709e-08
0.996277617794464,0.000460449265343307,1.0129647964842e-10,8.41074544914895e-26,0.00311549523316033,0.000146437605735817
0.999998005623421,2.46699345975855e-07,6.73581101064613e-16,7.62780125672127e-198,1.66921894389058e-06,7.84582890676584e-08
0.999998005623421,2.46699345975855e-07,6.73581101064613e-16,1.20537349503422e-79,1.66921894389058e-06,7.84582890676584e-08
0.999998005623421,2.46699345975855e-07,4.33528594491351e-19,6.09764088736557e-104,1.66921894389058e-06,7.84582890676584e-08
0.999998251382533,9.39804378685202e-10,2.929684035145e-22,5.92977186145991e-55,1.66921935411716e-06,7.84583083495363e-08
0.99999823686701,1.76089716726364e-22,2.09657374490708e-25,1.54553528489362e-08,1.66921932988753e-06,7.84583072106709e-08
0.99991926460416,1.82563362084381e-15,1.03129920758862e-18,7.07714073292535e-07,7.64350075161595e-05,3.59267424836067e-06
0.999998005623421,2.46699345975855e-07,4.33528594491351e-19,1.20537349503422e-79,1.66921894389058e-06,7.84582890676584e-08
0.996872680241454,0.00038684154898302,5.69128319686671e-11,2.13356051138873e-96,0.00261745015696,0.000123027995690191
0.999931500148399,8.47325864528384e-06,7.85188834114531e-19,3.12825663572875e-100,5.73318254705737e-05,2.69476748512247e-06
0.999986503884908,1.66943535217477e-06,1.39331425979101e-21,2.02263969173642e-151,1.12957458578893e-05,5.30933881979222e-07
0.99991926460416,1.82563362084381e-15,1.03129920758862e-18,7.07714073292535e-07,7.64350075161595e-05,3.59267424836067e-06
0.99999800405983,2.46699345590117e-07,1.5635945213903e-09,8.74487777582982e-175,1.66921894128059e-06,7.84582889449815e-08
4.85243254167126e-29,9.91227895547574e-28,1.33281263819699e-12,0.00917408744091237,0.990825912557755,1.68493758317228e-36
0.999998005622352,2.46699345975591e-07,1.0696141599931e-12,7.19096010133451e-128,1.66921894388879e-06,7.84582890675745e-08
0.99999823686701,1.76089716726364e-22,6.73581256826235e-16,1.54553528489362e-08,1.66921932988752e-06,7.84583072106709e-08
0.999998005623421,2.46699345975855e-07,6.73581101064613e-16,6.09764088736557e-104,1.66921894389058e-06,7.84582890676584e-08
0.122962185149606,0.089971195037277,0.149689132788553,5.02387304991822e-46,0.608763766951353,0.028613720073211
0.999998005623421,2.46699345975855e-07,4.33528594491351e-19,7.19096010134221e-128,1.66921894389058e-06,7.84582890676584e-08
0.999998005623421,2.46699345975855e-07,6.73581101064613e-16,1.20537349503422e-79,1.66921894389058e-06,7.84582890676584e-08
0.999998005623421,2.46699345975855e-07,2.9296833151472e-22,1.20537349503422e-79,1.66921894389058e-06,7.84582890676584e-08
0.996577050910907,0.000423410157593757,5.65825526452625e-24,2.36426656210976e-48,0.0028648809476794,0.000134657983819402
0.999881669666938,1.12961558865608e-05,2.70095042897089e-05,2.06061852488302e-76,7.64321337148328e-05,3.59253917109233e-06
0.999934194731714,8.4732814787493e-06,6.84045856791634e-12,1.59363698341359e-123,5.7331979966537e-05,2.80551683625011e-38
0.999998236867009,4.04858452329823e-16,6.73581256826234e-16,1.54553528489362e-08,1.66921932988752e-06,7.84583072106709e-08
0.996872409652839,0.000386841443979722,2.71494399956503e-07,2.38951030732602e-141,0.00261744944648591,0.000123027962295781
0.999998251381464,9.39804378684197e-10,1.06961442286105e-12,6.20661723522892e-30,1.66921935411537e-06,7.84583083494524e-08
0.999998251382533,9.39804378685202e-10,2.929684035145e-22,5.92977186145991e-55,1.66921935411716e-06,7.84583083495363e-08
0.853892525856587,0.0180724831661321,5.19321867133508e-06,1.32926745857504e-70,0.122282169596849,0.00574762816176074
0.162596757120302,6.86772814907494e-06,8.82405794271491e-10,1.94992906544841e-22,0.799803227458271,0.0375931468108719
0.999908676704627,1.12964609983726e-05,3.03735678638075e-15,4.1711536954057e-100,7.64341981646358e-05,3.59263620641535e-06
0.99999823686701,1.76089716726364e-22,2.09657374490708e-25,1.54553528489362e-08,1.66921932988753e-06,7.84583072106709e-08
0.99999823686701,4.04858452329824e-16,4.33528694742258e-19,1.54553528489362e-08,1.66921932988752e-06,7.84583072106709e-08
0.999908676704627,1.12964609983726e-05,3.03735678638075e-15,8.63377607057775e-28,7.64341981646358e-05,3.59263620641535e-06
0.999986502416457,1.66943534972325e-06,1.46847117899341e-09,1.24556259818269e-59,1.12957458413018e-05,5.30933881199561e-07
0.999931500148397,8.47325864528382e-06,2.32184412157612e-15,2.02936255381984e-52,5.73318254705735e-05,2.69476748512247e-06
0.99999823686701,1.76089716726364e-22,2.09657374490708e-25,1.54553528489362e-08,1.66921932988753e-06,7.84583072106709e-08
2.12437310937301e-41,4.07583680522703e-87,8.016660722145e-16,0.00917408744051904,0.990825912515274,4.42059047702858e-11
5.18675924310274e-52,0.123697471372488,2.39077142980136e-08,1.2127219443937e-09,0.836962747953646,0.0393397555534294
0.999919264604157,1.82563362084381e-15,3.03738894854639e-15,7.07714073292533e-07,7.64350075161593e-05,3.59267424836066e-06
0.99999808408156,2.46699365331465e-07,4.33528628505265e-19,1.20537358960577e-79,1.66921907485465e-06,1.14258985689724e-40
0.999998005623421,2.46699345975855e-07,6.73581101064613e-16,8.74487778950326e-175,1.66921894389058e-06,7.84582890676584e-08
0.999998251382533,9.39804378685202e-10,2.929684035145e-22,6.20661723523556e-30,1.66921935411716e-06,7.84583083495363e-08
0.999998005623421,2.46699345975855e-07,4.33528594491351e-19,7.19096010134221e-128,1.66921894389058e-06,7.84582890676584e-08
0.99999823686701,1.76089716726364e-22,2.92968399261903e-22,1.54553528489362e-08,1.66921932988753e-06,7.84583072106709e-08
0.999931500148399,8.47325864528384e-06,7.85188834114531e-19,1.53015081858809e-76,5.73318254705737e-05,2.69476748512247e-06
0.99999823686701,1.76089716726364e-22,2.09657374490708e-25,1.54553528489362e-08,1.66921932988753e-06,7.84583072106709e-08
0.999997579724281,2.46699240906606e-07,4.10444647485275e-07,1.54553426925456e-08,1.66921823297025e-06,7.84582556522739e-08
0.999998005623421,2.46699345975855e-07,6.73581101064613e-16,8.74487778950326e-175,1.66921894389058e-06,7.84582890676584e-08
0.99999823686701,9.56343519834615e-29,2.92968399261903e-22,1.54553528489362e-08,1.66921932988753e-06,7.84583072106709e-08
0.999998005623421,2.46699345975855e-07,6.73581101064613e-16,1.79982843159772e-151,1.66921894389058e-06,7.84582890676584e-08
0.997258298451025,1.63245859658536e-07,5.69348474424586e-11,8.79257737841606e-26,0.00261846265982338,0.000123075586356848
0.999998251382533,9.39804378685202e-10,2.929684035145e-22,5.92977186145991e-55,1.66921935411716e-06,7.84583083495363e-08
0.996707799772246,5.82384302171464e-29,9.68939015488159e-29,2.8858921283537e-05,0.00311684047054922,0.000146500835921592
7.77819564975435e-32,9.94566472837692e-22,0.0613657844745065,0.00822792329322017,0.888637661017248,0.041768631215025
0.999997579724281,2.46699240906606e-07,4.10444647485275e-07,1.54553426925456e-08,1.66921823297025e-06,7.84582556522739e-08
0.99999823686701,9.56343519834615e-29,1.59111182276377e-28,1.54553528489362e-08,1.66921932988753e-06,7.84583072106709e-08
0.999998315325185,1.76089730542066e-22,1.27830489412474e-31,1.54553540615372e-08,1.66921946085166e-06,1.14259012111437e-40
0.999931500148397,8.47325864528382e-06,2.32184412157612e-15,1.81126897628898e-146,5.73318254705735e-05,2.69476748512247e-06
0.9963288871558,0.000386630527291133,0.000545499092447666,9.40315973268469e-50,0.00261602234042374,0.000122960884037195
0.999934194738552,8.47328147880724e-06,2.32185037842302e-15,2.0293680224948e-52,5.7331979966929e-05,2.8055168362693e-38
0.99999823686701,1.76089716726364e-22,2.09657374490708e-25,1.54553528489362e-08,1.66921932988753e-06,7.84583072106709e-08
1.963449703014e-72,2.26909148843522e-05,1.5160545295331e-26,5.41542059157119e-09,0.000153531436531965,0.999823772233163
0.99999823686701,9.56343519834615e-29,2.92968399261903e-22,1.54553528489362e-08,1.66921932988753e-06,7.84583072106709e-08
0.999998251382533,9.39804378685202e-10,4.33528701035165e-19,5.92977186145991e-55,1.66921935411716e-06,7.84583083495363e-08
0.999908676704627,1.12964609983726e-05,3.03735678638075e-15,2.38149099945963e-146,7.64341981646358e-05,3.59263620641535e-06
0.999998005622352,2.46699345975591e-07,1.0696141599931e-12,1.7998284315958e-151,1.66921894388879e-06,7.84582890675745e-08
0.99999823686701,1.76089716726364e-22,2.09657374490708e-25,1.54553528489362e-08,1.66921932988753e-06,7.84583072106709e-08
0.999998005623421,2.46699345975855e-07,4.33528594491351e-19,7.19096010134221e-128,1.66921894389058e-06,7.84582890676584e-08
0.997234121139052,1.63241901961635e-07,1.04425040615338e-14,2.42438381084839e-05,0.00261839917838761,0.000123072602539264
0.999908676704627,1.12964609983726e-05,3.03735678638075e-15,2.38149099945963e-146,7.64341981646358e-05,3.59263620641535e-06
0.99990867670463,1.12964609983726e-05,1.03128828741458e-18,2.75727942480511e-52,7.6434198164636e-05,3.59263620641536e-06
0.99999823686701,4.04858452329824e-16,2.92968399261903e-22,1.54553528489362e-08,1.66921932988752e-06,7.84583072106709e-08
0.999931500148399,8.47325864528384e-06,7.85188834114531e-19,1.53015081858809e-76,5.73318254705737e-05,2.69476748512247e-06
0.996872680298189,0.000386841549005036,1.86227877626102e-18,2.60813563288185e-73,0.00261745015710897,0.000123027995697193
1.45109035286238e-19,2.46032938488737e-10,0.00037530105430745,0.0087625564963072,0.94637947291344,0.044482669289912
0.999998251382533,9.39804378685202e-10,2.09657377534e-25,6.20661723523556e-30,1.66921935411716e-06,7.84583083495363e-08
1.35294958322268e-10,0.123697467054676,5.9891363927508e-08,5.1259362574953e-41,0.836962718738438,0.0393397541802271
2.29231861235391e-27,9.35176171440069e-27,4.92857902136202e-12,0.00876584632979016,0.946734783704178,0.0444993699611035
0.999939442088941,1.63640076124053e-22,7.85195070464755e-19,5.30841342393475e-07,5.73322808277147e-05,2.69478888827173e-06
0.998990364113395,0.000106331805034745,0.000150024116179266,1.27999459676024e-119,0.000719463047621731,3.38169177688799e-05
0.999140259232095,0.000106347759761748,1.56460757575712e-11,5.86543460232796e-97,0.000719571000613869,3.38219918827904e-05
2.05453203294475e-05,0.128760333098559,1.07800437362615e-09,1.29407921434431e-30,0.871219120503107,3.63626177301819e-16
0.999872824141133,1.57311444590424e-05,1.52062579292629e-09,4.46548357391175e-116,0.000106440186277117,5.00300750474401e-06
0.999872824141133,1.57311444590424e-05,1.52062579292629e-09,1.78003116238891e-137,0.000106440186277117,5.00300750474401e-06
0.99914018467455,0.000106347751825897,7.46373469493319e-08,6.56907508499149e-142,0.000719570946918257,3.38219893589359e-05
0.999872824141133,1.57311444590424e-05,1.52062579292629e-09,4.46548357391175e-116,0.000106440186277117,5.00300750474401e-06
0.999872824141133,1.57311444590424e-05,1.52062579292629e-09,4.46548357391175e-116,0.000106440186277117,5.00300750474401e-06
0.999872825661566,1.57311444829636e-05,7.90396729253407e-18,2.42674933368763e-179,0.000106440186438973,5.00300751235171e-06
0.0371149536345708,1.00645042507037e-16,7.3062210959204e-26,0.00883359161091518,0.954051454754514,6.53053593492807e-35
0.99914018467455,0.000106347751825897,7.46373469493319e-08,6.56907508499149e-142,0.000719570946918257,3.38219893589359e-05
0.860166435138137,0.017297057130343,1.36670525805375e-08,8.32100332040495e-166,0.117035476204108,0.00550101786035978
0.999872825661566,1.57311444829636e-05,7.90396729253407e-18,2.66034278538589e-94,0.000106440186438973,5.00300751235171e-06
0.0327821730207369,0.124541848423357,3.400456335131e-10,6.08511719065437e-74,0.84267597821586,5.76816452594304e-35
5.23559919655982e-08,0.128762971972497,2.0660621647779e-26,5.26660048556968e-33,0.871236975671511,6.74284193296713e-42
0.0371149536259824,2.31399066862936e-10,1.67447693927122e-16,0.0088335916088711,0.954051454533747,2.98226292516943e-105
9.61107949734642e-08,4.81844247911315e-16,8.01665995201175e-16,0.00917408655919575,0.990825817330008,7.85027104019726e-18
0.00236326148298454,0.123405144896072,8.63152693033243e-10,1.83247697404126e-56,0.834984806381471,0.0392467863763201
1.78030051220241e-10,0.101930221773475,0.169585904643088,0.00638577768803358,0.689681022323848,0.0324170733935247
0.976534481879465,0.00290262531416322,1.18898940375219e-10,3.28585441731984e-94,0.0196397649221648,0.000923127765308343
2.62729047935905e-09,2.14003085266403e-12,3.46756536267342e-05,0.00917376929932353,0.990791552417619,3.36312917727867e-18
1.65204145059517e-12,0.000234760832280816,8.52604474332342e-70,1.57578078502646e-12,0.00158844048400927,0.998176798680482
6.03565074379239e-05,7.45042125045323e-29,2.74417789614751e-36,9.08173082602321e-15,0.999939643492553,1.58831252885697e-68
0.0327821730318772,0.12454184846568,2.1885932573962e-13,4.41469854815823e-169,0.842675978502224,5.76816452790322e-35
0.999872824141133,1.57311444590424e-05,1.52062579292629e-09,4.46548357391175e-116,0.000106440186277117,5.00300750474401e-06
0.99914018467455,0.000106347751825897,7.46373469493319e-08,1.28018656008206e-119,0.000719570946918257,3.38219893589359e-05
0.999140259232095,0.000106347759761748,1.56460757575712e-11,1.28018665561177e-119,0.000719571000613869,3.38219918827904e-05
0.999872824141133,1.57311444590424e-05,1.52062579292629e-09,4.46548357391175e-116,0.000106440186277117,5.00300750474401e-06
0.999174053288815,0.000106351356776473,1.56466049569171e-11,7.17034568617226e-74,0.000719595338761576,2.75883566593313e-36
0.180498111254987,0.101359368987827,8.84818499440389e-05,1.8514696745305e-23,0.685818513973017,0.0322355239342252
0.99914018467455,0.000106347751825897,7.46373469493319e-08,6.56907508499149e-142,0.000719570946918257,3.38219893589359e-05
0.816770479970823,3.82966662475997e-11,1.20712251765355e-23,1.83525122160067e-18,0.183229519990881,3.16195010772443e-70
0.999872825661448,1.57311444829618e-05,1.17433181103257e-13,1.78003116509546e-137,0.00010644018643896,5.00300751235113e-06
0.860135406753545,0.0172964331816291,3.60862024367916e-05,3.64638978090014e-143,0.117031254437694,0.00550081942469565
0.999872825661448,1.57311444829618e-05,1.17433181103257e-13,1.78003116509546e-137,0.00010644018643896,5.00300751235113e-06
0.999872825661448,1.57311444829618e-05,1.17433181103257e-13,1.78003116509546e-137,0.00010644018643896,5.00300751235113e-06
0.037425451696811,0.000541644052726679,1.68848535928786e-16,3.57710326666003e-24,0.962032904250462,6.77321222977826e-139
0.999872824141133,1.57311444590424e-05,1.52062579292629e-09,1.78003116238891e-137,0.000106440186277117,5.00300750474401e-06
0.999872825661448,1.57311444829618e-05,1.17433181103257e-13,1.78003116509546e-137,0.00010644018643896,5.00300751235113e-06
0.0315092725363799,0.119706007337395,0.000758703501229536,8.73331360432438e-146,0.809955674404746,0.0380703422202495
0.506390117143846,0.0503137648380642,0.0837092785398324,0.00315208297709686,0.340433368697995,0.0160013878031658
0.860135406753545,0.0172964331816291,3.60862024367916e-05,6.38660915071406e-97,0.117031254437694,0.00550081942469565
0.999872824141133,1.57311444590424e-05,1.52062579292629e-09,4.46548357391175e-116,0.000106440186277117,5.00300750474401e-06
0.860166434882824,0.017297057125209,1.39638701851952e-08,8.46777324777829e-166,0.11703547616937,0.00550101785872698
0.999872825661448,1.57311444829618e-05,1.17433181103257e-13,1.78003116509546e-137,0.00010644018643896,5.00300751235113e-06
1.82883309444191e-09,0.101930221605208,0.169585904363135,0.00638577767749192,0.689681021185321,0.0324170733400105
0.0262927495631149,0.0998880589353055,0.166188266275253,2.05265777378919e-34,0.675863324986638,0.0317676002396882
4.8320366188612e-08,1.11171954294387e-73,6.74377375426628e-36,0.00917408699762933,0.990825864682004,8.52805667082844e-17
0.999872824141133,1.57311444590424e-05,1.52062579292629e-09,4.46548357391175e-116,0.000106440186277117,5.00300750474401e-06
0.999280283288099,4.48673379003831e-08,5.120363413085e-19,2.41659752399135e-26,0.000719671844563612,2.75912897930516e-36
0.999872825661566,1.57311444829636e-05,7.90396729253407e-18,2.66034278538589e-94,0.000106440186438973,5.00300751235171e-06
0.924235755421496,0.00937184571016548,5.42238981869219e-13,8.81720204610556e-68,0.0634118519315367,0.0029805469362599
0.999872825661448,1.57311444829618e-05,1.17433181103257e-13,4.46548358070155e-116,0.00010644018643896,5.00300751235113e-06
0.99914018467455,0.000106347751825897,7.46373469493319e-08,2.58646130360474e-50,0.000719570946918257,3.38219893589359e-05
0.998813979537099,1.22379565847335e-18,5.22859464440646e-32,2.09023508909443e-24,0.00118602046290099,7.69205840102144e-64
0.0315331968832601,0.119796897663088,3.30855543656571e-21,1.18510653707221e-64,0.810570657200358,0.0380992482532935
0.999872824141133,1.57311444590424e-05,1.52062579292629e-09,4.46548357391175e-116,0.000106440186277117,5.00300750474401e-06
0.293224131353808,0.0725048207145487,0.120629538501223,4.0964705998961e-44,0.490582655504728,0.0230588539256912
0.0315092725363799,0.119706007337395,0.000758703501229536,8.73331360432438e-146,0.809955674404746,0.0380703422202495
0.998254817603998,0.000215874273870603,3.0802687294316e-09,3.29643409240479e-149,0.00146065011245997,6.86549294024813e-05
0.755783623489542,0.0314460280902289,2.32092447809628e-38,2.47939439728936e-45,0.212770348420229,3.03499509503902e-16
0.999872825661448,1.57311444829618e-05,1.17433181103257e-13,4.46548358070155e-116,0.00010644018643896,5.00300751235113e-06
0.99914018467455,0.000106347751825897,7.46373469493319e-08,6.56907508499149e-142,0.000719570946918257,3.38219893589359e-05
0.999872825661448,1.57311444829618e-05,1.17433181103257e-13,2.66034278538558e-94,0.00010644018643896,5.00300751235113e-06
6.28033521261776e-09,0.128762965072723,9.96607355059877e-08,2.65277765316549e-20,0.871236928986207,3.96664695663132e-27
0.99914018467455,0.000106347751825897,7.46373469493319e-08,7.17010263575337e-74,0.000719570946918257,3.38219893589359e-05
0.99914018467455,0.000106347751825897,7.46373469493319e-08,6.56907508499149e-142,0.000719570946918257,3.38219893589359e-05
0.999872825661566,1.57311444829636e-05,7.90396729253407e-18,4.46548358070208e-116,0.000106440186438973,5.00300751235171e-06
0.999872824141133,1.57311444590424e-05,1.52062579292629e-09,4.46548357391175e-116,0.000106440186277117,5.00300750474401e-06
0.0327821553303074,0.124541781216135,5.39975702703002e-07,6.08511390690816e-74,0.842675523477855,5.76816141323579e-35
0.037425451696811,0.000541644052726679,1.20833307683066e-19,3.41754702960541e-49,0.962032904250462,3.00721208432238e-105
0.999872824141133,1.57311444590424e-05,1.52062579292629e-09,4.46548357391175e-116,0.000106440186277117,5.00300750474401e-06
0.999872825661448,1.57311444829618e-05,1.17433181103257e-13,2.66034278538558e-94,0.00010644018643896,5.00300751235113e-06
0.976534481995573,0.00290262531450834,7.76134216909276e-21,9.32100338595733e-121,0.0196397649244999,0.000923127765418102
0.759134318447362,0.0310145826266969,8.11750220499661e-15,1.72345450123883e-51,0.209851098925933,3.20303918764063e-67
0.151517406378705,0.109253146141667,8.94080093535603e-20,3.27641125107504e-44,0.739229447479627,3.31555406910531e-64
0.99914018467455,0.000106347751825897,7.46373469493319e-08,6.56907508499149e-142,0.000719570946918257,3.38219893589359e-05
0.999872824141133,1.57311444590424e-05,1.52062579292629e-09,2.6603427813405e-94,0.000106440186277117,5.00300750474401e-06
0.999872825661566,1.57311444829636e-05,7.90396729253407e-18,4.46548358070208e-116,0.000106440186438973,5.00300751235171e-06
0.999872824141133,1.57311444590424e-05,1.52062579292629e-09,4.46548357391175e-116,0.000106440186277117,5.00300750474401e-06
0.999872824141133,1.57311444590424e-05,1.52062579292629e-09,4.46548357391175e-116,0.000106440186277117,5.00300750474401e-06
0.307550959406794,0.0850062258712273,0.00523835800894996,7.8335980861755e-162,0.575169755767336,0.0270347009456935
0.998990364113395,0.000106331805034745,0.000150024116179266,1.27999459676024e-119,0.000719463047621731,3.38169177688799e-05
0.999872825661448,1.57311444829618e-05,1.17433181103257e-13,2.05478922971242e-49,0.00010644018643896,5.00300751235113e-06
0.976534481995559,0.0029026253145083,1.45316554512201e-14,1.27696875300381e-116,0.0196397649244996,0.000923127765418088
0.999872825661448,1.57311444829618e-05,1.17433181103257e-13,4.46548358070155e-116,0.00010644018643896,5.00300751235113e-06
0.998990364113395,0.000106331805034745,0.000150024116179266,1.27999459676024e-119,0.000719463047621731,3.38169177688799e-05
0.864924411591028,0.0173927351144732,4.76596094539701e-12,6.42125318169152e-97,0.117682853289733,5.75876197603862e-35
0.95441437182754,0.00586974127003522,3.45928358472322e-16,2.6672652190861e-20,0.0397158869024244,5.75538748645105e-26
0.060653576379797,0.116194780263471,1.36694837322524e-14,4.95834845479331e-28,0.78619798374322,0.0369536596134984
3.01532721684238e-09,0.101930221484269,0.169585904161923,0.00638577766991523,0.689681020367019,0.0324170733015478
0.970727611388264,0.00362092054326363,7.83138404465123e-19,1.83360677814798e-85,0.0244998994270936,0.00115156864137858
0.864924411595149,0.0173927351145561,1.61172719709936e-15,3.14088227294195e-73,0.117682853290294,5.75876197606606e-35
0.0315331968729459,0.119796897623904,3.27090150508673e-10,3.70405086658132e-192,0.810570656935229,0.0380992482408316
9.21333200880405e-06,8.4284427656421e-21,7.62521417807052e-38,6.57178228997617e-19,0.999990786667991,5.95171139830462e-124
0.00139114039709715,1.57453906362764e-07,3.99304020617888e-17,1.3258758395875e-20,0.998608702148996,7.74101891602883e-28
9.85921153347414e-09,0.10193022078667,0.169585903001296,0.00638577762621171,0.689681015646921,0.0324170730796891
0.999872825661448,1.57311444829618e-05,1.17433181103257e-13,2.66034278538558e-94,0.00010644018643896,5.00300751235113e-06
0.976534481879465,0.00290262531416322,1.18898940375219e-10,1.28733616941385e-116,0.0196397649221648,0.000923127765308343
0.131283060830966,5.13204868106335e-33,2.02170350557279e-06,0.0076150214709367,0.822442629491373,0.0386572665032186
0.943348408272994,0.00729320939491856,1.10148487935506e-05,3.57262284108139e-27,0.049347367483294,1.83842044139453e-34
0.999877828057851,1.57312231863914e-05,7.90400683633965e-18,2.05479950989005e-49,0.000106440718962689,4.3604135868669e-68
0.999872824141133,1.57311444590424e-05,1.52062579292629e-09,4.46548357391175e-116,0.000106440186277117,5.00300750474401e-06
0.999872824141133,1.57311444590424e-05,1.52062579292629e-09,4.27646576350914e-72,0.000106440186277117,5.00300750474401e-06
4.72293988215803e-06,0.106044572122106,0.176431134779464,6.89071310605994e-17,0.717519570158548,4.27603951605999e-18
0.999088677502627,9.35075922906854e-20,2.31755777934285e-24,8.36055227777912e-06,0.000902961945094942,5.16250377753478e-91
0.999872824141133,1.57311444590424e-05,1.52062579292629e-09,4.46548357391175e-116,0.000106440186277117,5.00300750474401e-06
0.999872824141133,1.57311444590424e-05,1.52062579292629e-09,4.46548357391175e-116,0.000106440186277117,5.00300750474401e-06
0.999669273238509,4.09086421220055e-05,1.15040128655492e-08,5.04450919593525e-106,0.000276796357642452,1.30102577138077e-05
0.999872824141133,1.57311444590424e-05,1.52062579292629e-09,4.46548357391175e-116,0.000106440186277117,5.00300750474401e-06
0.999140259232095,0.000106347759761748,1.56460757575712e-11,2.5864614966109e-50,0.000719571000613869,3.38219918827904e-05
0.860166435138137,0.017297057130343,1.36670525805375e-08,8.32100332040495e-166,0.117035476204108,0.00550101786035978
0.999654358932237,4.27549271587759e-05,6.30956953953905e-20,4.17957714578056e-40,0.000289288705147501,1.35974354565911e-05
0.0315331805048217,0.119796835440215,5.1940304504048e-07,8.73994009136255e-146,0.810570236187491,0.0380992284644279
0.999872824141133,1.57311444590424e-05,1.52062579292629e-09,4.46548357391175e-116,0.000106440186277117,5.00300750474401e-06
0.976534481879465,0.00290262531416322,1.18898940375219e-10,1.28733616941385e-116,0.0196397649221648,0.000923127765308343
0.999140259232095,0.000106347759761748,1.56460757575712e-11,1.28018665561177e-119,0.000719571000613869,3.38219918827904e-05
0.999872824141133,1.57311444590424e-05,1.52062579292629e-09,4.46548357391175e-116,0.000106440186277117,5.00300750474401e-06
0.93242685816763,1.33157340276845e-69,5.59033086474095e-13,0.000592335777321691,0.0639738438166667,0.0030069622378227
0.880234089960638,3.41840623693341e-19,2.9757017696543e-29,1.32382786351605e-24,0.119765910039362,5.86069550049322e-35
0.269423293988023,0.0744678456795932,0.123895511622266,0.00466530042947892,0.503864889578033,0.0236831587026061
0.170090587946096,6.43509880445536e-05,3.61224139426026e-19,2.24029088427729e-23,0.82984506106586,1.33409381094998e-31
0.0327563167239349,0.124443618480057,0.000788730750833398,3.62736711691287e-122,0.842011334045175,5.76361499916546e-35
0.860166446894075,0.0172970573667428,1.57910098318665e-15,6.38683962750178e-97,0.117035477803638,0.00550101793554247
0.999872825661448,1.57311444829618e-05,1.17433181103257e-13,1.78003116509546e-137,0.00010644018643896,5.00300751235113e-06
0.999872824141133,1.57311444590424e-05,1.52062579292629e-09,1.78003116238891e-137,0.000106440186277117,5.00300750474401e-06
0.999872825661448,1.57311444829618e-05,1.17433181103257e-13,4.46548358070155e-116,0.00010644018643896,5.00300751235113e-06
0.860166435138137,0.017297057130343,1.36670525805375e-08,8.32100332040495e-166,0.117035476204108,0.00550101786035978
0.86016644689,0.0172970573666608,4.73974330875641e-12,8.46777336598104e-166,0.117035477803083,0.0055010179355164
0.976534481995559,0.0029026253145083,1.48096326443828e-14,1.28733616956689e-116,0.0196397649244996,0.000923127765418088
0.0534068108907675,0.100381543808784,0.167009299303932,1.11040366026074e-14,0.679202345996506,4.75959086982339e-24
6.47703789457137e-07,1.252624947064e-17,0.00898338905005717,0.00909166710217233,0.981924296143981,9.36265162035012e-28
0.199466990446285,1.98289878382101e-19,3.29903808918696e-19,0.0070173493437069,0.757892445651626,0.035623214558382
0.999872825661448,1.57311444829618e-05,1.17433181103257e-13,2.66034278538558e-94,0.00010644018643896,5.00300751235113e-06
0.864924411591028,0.0173927351144732,4.76596094539701e-12,4.16559517741919e-49,0.117682853289733,5.61936603303629e-70
0.999872824141133,1.57311444590424e-05,1.52062579292629e-09,4.46548357391175e-116,0.000106440186277117,5.00300750474401e-06
0.999872825661448,1.57311444829618e-05,1.17433181103257e-13,1.78003116509546e-137,0.00010644018643896,5.00300751235113e-06
0.860166435138137,0.017297057130343,1.36670525805375e-08,3.22699494252842e-120,0.117035476204108,0.00550101786035978
0.999872824141133,1.57311444590424e-05,1.52062579292629e-09,4.46548357391175e-116,0.000106440186277117,5.00300750474401e-06
2.95782511948563e-08,8.06862818842593e-32,4.72620510405585e-40,2.49484288793314e-13,0.999999970421499,7.83315305647429e-58
0.0358063450799453,0.00051821135038122,2.3904920926922e-13,3.42234998231278e-24,0.920413263864207,0.0432621797052278
0.999140259232095,0.000106347759761748,1.56460757575712e-11,6.56907557518709e-142,0.000719571000613869,3.38219918827904e-05
0.860166434882824,0.017297057125209,1.39638701851952e-08,3.69747039050042e-143,0.11703547616937,0.00550101785872698
0.999872824141133,1.57311444590424e-05,1.52062579292629e-09,4.46548357391175e-116,0.000106440186277117,5.00300750474401e-06
0.999869566718242,1.57310932095347e-05,8.26234903639376e-06,4.27645183147985e-72,0.000106439839512317,1.9692744631107e-35
0.999872824141133,1.57311444590424e-05,1.52062579292629e-09,4.27646576350914e-72,0.000106440186277117,5.00300750474401e-06
0.860166446894077,0.0172970573667428,5.55769576404972e-19,3.12360422322507e-73,0.117035477803638,0.00550101793554248
0.999872824141133,1.57311444590424e-05,1.52062579292629e-09,4.46548357391175e-116,0.000106440186277117,5.00300750474401e-06
0.670875350597372,2.05189921950102e-06,0.0205214915541847,0.00283113353034422,0.30576997241888,8.50030050300824e-28
0.999872825661566,1.57311444829636e-05,7.90396729253407e-18,4.46548358070208e-116,0.000106440186438973,5.00300751235171e-06
0.999872825661448,1.57311444829618e-05,1.17433181103257e-13,4.46548358070155e-116,0.00010644018643896,5.00300751235113e-06
9.71585684293743e-11,5.64999278568602e-47,8.98122504103013e-83,1.18651430356914e-05,0.99998813475597,3.83597832058323e-12
0.999872824141133,1.57311444590424e-05,1.52062579292629e-09,4.46548357391175e-116,0.000106440186277117,5.00300750474401e-06
0.999872824141133,1.57311444590424e-05,1.52062579292629e-09,4.46548357391175e-116,0.000106440186277117,5.00300750474401e-06
2.47558947024856e-08,0.123697469226576,1.41074982089711e-08,3.60510548097219e-09,0.836962733433964,0.0393397548709608
0.998990364113395,0.000106331805034745,0.000150024116179266,5.8645546457775e-97,0.000719463047621731,3.38169177688799e-05
0.999872824141133,1.57311444590424e-05,1.52062579292629e-09,4.46548357391175e-116,0.000106440186277117,5.00300750474401e-06
0.999872825661448,1.57311444829618e-05,1.17433181103257e-13,4.27646577001154e-72,0.00010644018643896,5.00300751235113e-06
0.99896350707846,0.000106328946391554,0.000176904261070199,2.58600394059152e-50,0.000719443705448975,3.38160086288376e-05
0.999872824141133,1.57311444590424e-05,1.52062579292629e-09,4.46548357391175e-116,0.000106440186277117,5.00300750474401e-06
0.00015669498083498,4.76425807658329e-10,2.68663719712737e-28,4.00717549493445e-18,0.954957444882375,0.0448858596603642
0.999864564404619,1.57310145074074e-05,8.26230770014099e-06,2.05477225241179e-49,0.000106439306997401,5.00296617596422e-06
0.999174053304449,0.000106351356778137,1.66026925631738e-26,2.58654897888994e-50,0.000719595338772835,4.97024769128077e-104
0.000840552357138888,1.10718879565737e-14,1.85023085902851e-31,1.88761543667794e-13,0.999159447642661,3.21999244157807e-29
0.999872824141133,1.57311444590424e-05,1.52062579292629e-09,1.78003116238891e-137,0.000106440186277117,5.00300750474401e-06
0.0230509414084306,1.64158040171077e-24,1.30295059647995e-37,4.73721697037143e-17,0.976949058591569,3.58560856783105e-106
0.0327821730318772,0.12454184846568,2.1885932573962e-13,6.08511719272226e-74,0.842675978502224,1.17144903024225e-70
0.999872824141133,1.57311444590424e-05,1.52062579292629e-09,4.46548357391175e-116,0.000106440186277117,5.00300750474401e-06
0.999872824141133,1.57311444590424e-05,1.52062579292629e-09,4.46548357391175e-116,0.000106440186277117,5.00300750474401e-06
0.999872825661448,1.57311444829618e-05,1.17433181103257e-13,1.78003116509546e-137,0.00010644018643896,5.00300751235113e-06
0.0315331968729459,0.119796897623904,3.27090150508673e-10,3.49192134121981e-122,0.810570656935229,0.0380992482408316
0.000966020521625052,0.1024862092541,0.170510926076687,2.48601395170068e-42,0.693442948937612,0.0325938952099762
2.09695334374896e-11,0.101930221789484,0.169585904669723,0.00638577768903654,0.68968102243217,0.0324170733986161
0.00121223035027616,0.128606888323221,7.96684713851055e-40,1.3977451731182e-33,0.870180881326502,5.30345948862068e-40
0.976534481881933,0.00290262531417056,1.16371611011032e-10,2.00533442368563e-160,0.0196397649222144,0.000923127765310676
0.999872824141133,1.57311444590424e-05,1.52062579292629e-09,4.46548357391175e-116,0.000106440186277117,5.00300750474401e-06
6.4242333328568e-06,0.128762151510591,7.74739195847641e-25,1.40447074223363e-34,0.871231424256076,3.27540797509432e-62
0.976534481995559,0.0029026253145083,1.45316554512201e-14,2.13493925518911e-71,0.0196397649244996,0.000923127765418088
0.999140259232095,0.000106347759761748,1.56460757575712e-11,7.06550283537321e-164,0.000719571000613869,3.38219918827904e-05
0.0315331968729459,0.119796897623904,3.27090150508673e-10,2.96100688164195e-98,0.810570656935229,0.0380992482408316
0.999872825661448,1.57311444829618e-05,1.17433181103257e-13,1.78003116509546e-137,0.00010644018643896,5.00300751235113e-06
0.999864564404619,1.57310145074074e-05,8.26230770014099e-06,4.4654466855027e-116,0.000106439306997401,5.00296617596422e-06
2.90436545891992e-08,4.03797205278714e-21,6.71815612269783e-21,5.18443960544686e-07,0.999999452496006,1.63787208157786e-11
1.66821402328095e-12,4.57110397078996e-14,6.02616617829782e-22,0.0091740874409065,0.990825912557121,2.58815432930679e-13
0.999872824141133,1.57311444590424e-05,1.52062579292629e-09,4.46548357391175e-116,0.000106440186277117,5.00300750474401e-06
0.0327821730318843,0.124541848465707,1.47899936274368e-16,3.63023039125506e-122,0.842675978502408,5.76816452790448e-35
3.01257486109184e-11,2.01056688791839e-42,1.0660541407154e-63,0.00917408744064822,0.990825912529226,8.63058158310828e-88
0.999872825661448,1.57311444829618e-05,1.17433181103257e-13,1.78003116509546e-137,0.00010644018643896,5.00300751235113e-06
0.999872824141133,1.57311444590424e-05,1.52062579292629e-09,4.27646576350914e-72,0.000106440186277117,5.00300750474401e-06
0.999872824141133,1.57311444590424e-05,1.52062579292629e-09,4.46548357391175e-116,0.000106440186277117,5.00300750474401e-06
0.963335129565107,0.00472107793136014,6.62434223431613e-33,3.73302604211255e-36,0.0319437925035333,9.58409014369039e-88
1.75935918529941e-10,0.102585308749536,0.170675802374322,2.38510687371922e-14,0.694113476678402,0.0326254120217805
0.999872824141133,1.57311444590424e-05,1.52062579292629e-09,4.46548357391175e-116,0.000106440186277117,5.00300750474401e-06
0.860135406753545,0.0172964331816291,3.60862024367916e-05,8.32070316071414e-166,0.117031254437694,0.00550081942469565
0.999872824141133,1.57311444590424e-05,1.52062579292629e-09,4.46548357391175e-116,0.000106440186277117,5.00300750474401e-06
0.000205873223435053,1.29051014712576e-15,1.51054925580522e-28,1.82832014756941e-21,0.999794126776564,1.5925822092303e-146
