-2.07954934994417,-2.09652134671895,-2.10735734857362,-12.476649250079,-12.476649250079,-12.476649250079
-2.08627468803321,-2.1261785689038,-2.34217436617311,-12.476649250079,-12.476649250079,-276.551974833083
-2.07944326052427,-2.07963227525036,-2.09652134671895,-12.476649250079,-12.476649250079,-12.476649250079
-2.07944326052427,-2.08081413679106,-2.09652134671895,-12.476649250079,-12.476649250079,-12.476649250079
-2.0795045594526,-2.08627468803321,-2.1261785689038,-12.476649250079,-12.476649250079,-73.9202091346886
-2.08011766176238,-2.1261785689038,-2.34217436617311,-12.476649250079,-12.476649250079,-132.992739337102
-2.08011766176238,-2.08240051130438,-2.34217436617311,-12.476649250079,-12.476649250079,-12.476649250079
-2.09652134671895,-2.08627468803321,-2.15972309271789,-12.476649250079,-12.476649250079,-77.8052407272301
-2.22144431849856,-12.476649250079,-2.34217436617311,-221.435195521656,-12.476649250079,-12.476649250079
-2.07963227525036,-2.1261785689038,-2.1261785689038,-12.476649250079,-12.476649250079,-12.476649250079
-2.1261785689038,-2.22144431849856,-2.10735734857362,-77.1615078274212,-12.476649250079,-12.476649250079
-2.08011766176238,-2.1261785689038,-2.1261785689038,-12.476649250079,-12.476649250079,-12.476649250079
-35.9577274418326,-12.476649250079,-9.56587918390665,-12.476649250079,-12.476649250079,-12.476649250079
-2.07954934994417,-2.08627468803321,-2.1261785689038,-12.476649250079,-12.476649250079,-140.444092418998
-2.08240051130438,-2.09652134671895,-2.34217436617311,-12.476649250079,-12.476649250079,-316.760481996015
-2.07979254070413,-2.08627468803321,-2.08240051130438,-12.476649250079,-12.476649250079,-12.476649250079
-2.1261785689038,-12.476649250079,-12.476649250079,-149.836637074649,-12.476649250079,-12.476649250079
-2.07954934994417,-2.22144431849856,-2.1261785689038,-12.476649250079,-12.476649250079,-12.476649250079
-2.07947943619686,-2.07979254070413,-2.08627468803321,-12.476649250079,-12.476649250079,-12.476649250079
-2.07963227525036,-2.1261785689038,-2.10735734857362,-12.476649250079,-12.476649250079,-12.476649250079
-9.36467027153409,-7.76368801208976,-5.87161194524079,-12.476649250079,-12.476649250079,-188.529280977115
-12.476649250079,-2.62867117863725,-2.15972309271789,-149.836637074649,-12.476649250079,-75.2146382020367
-2.07944326052427,-2.08240051130438,-2.10735734857362,-12.476649250079,-12.476649250079,-68.8848566317902
-2.0795045594526,-2.62867117863725,-2.15972309271789,-77.1615078274212,-12.476649250079,-12.476649250079
-2.07944326052427,-2.09652134671895,-2.10735734857362,-12.476649250079,-12.476649250079,-12.476649250079
-12.476649250079,-12.476649250079,-12.476649250079,-12.476649250079,-12.476649250079,-17.468551297597
-2.07945088626694,-2.08627468803321,-2.1261785689038,-12.476649250079,-12.476649250079,-12.476649250079
-2.08011766176238,-2.22144431849856,-2.22144431849856,-12.476649250079,-12.476649250079,-12.476649250079
-20.9530202129219,-9.03637440217292,-14.9042532329767,-70.7538046038856,-12.476649250079,-12.476649250079
-2.07979254070413,-2.08240051130438,-2.15972309271789,-12.476649250079,-12.476649250079,-195.685062677928
-2.07946487373507,-2.08081413679106,-2.1261785689038,-12.476649250079,-12.476649250079,-12.476649250079
-12.476649250079,-12.476649250079,-12.476649250079,-72.3309632100018,-12.476649250079,-69.0316662406067
-12.476649250079,-22.6549049859785,-32.347895400479,-12.476649250079,-12.476649250079,-296.517512699839
-2.07945619038518,-2.1261785689038,-2.1261785689038,-12.476649250079,-12.476649250079,-12.476649250079
-2.08081413679106,-2.22144431849856,-2.22144431849856,-12.476649250079,-12.476649250079,-84.1350222974766
-2.08011766176238,-2.08627468803321,-2.34217436617311,-12.476649250079,-12.476649250079,-12.476649250079
-103.973901877433,-70.9383038047302,-21.3340012907804,-12.476649250079,-12.476649250079,-12.476649250079
-40.0315924551755,-12.476649250079,-12.476649250079,-12.476649250079,-12.476649250079,-44.8316488455728
-2.08011766176238,-2.08240051130438,-2.10735734857362,-12.476649250079,-12.476649250079,-195.685062677928
-2.08081413679106,-12.476649250079,-2.15972309271789,-221.435195521656,-12.476649250079,-12.476649250079
-60.697295167675,-142.891632625731,-142.891632625731,-12.476649250079,-12.476649250079,-100.980305547615
-2.07979254070413,-2.09652134671895,-2.22144431849856,-12.476649250079,-12.476649250079,-195.685062677928
-12.476649250079,-12.476649250079,-2.15972309271789,-149.836637074649,-12.476649250079,-152.832422091479
-2.07979254070413,-2.08627468803321,-2.22144431849856,-12.476649250079,-12.476649250079,-12.476649250079
-112.847974439024,-61.2086909088477,-27.0479464700519,-12.476649250079,-12.476649250079,-12.476649250079
-2.07979254070413,-2.08240051130438,-2.10735734857362,-12.476649250079,-12.476649250079,-12.476649250079
-2.07963227525036,-2.08081413679106,-2.22144431849856,-12.476649250079,-12.476649250079,-12.476649250079
-2.08627468803321,-12.476649250079,-2.15972309271789,-361.141079448634,-12.476649250079,-12.476649250079
-2.07944326052427,-2.08240051130437,-2.09652134671895,-12.476649250079,-12.476649250079,-12.476649250079
-20.4110047138994,-9.97209607150044,-6.58919384162533,-12.476649250079,-12.476649250079,-70.0351775421471
-2.08081413679106,-2.22144431849856,-2.22144431849856,-12.476649250079,-12.476649250079,-12.476649250079
-2.1261785689038,-2.09652134671895,-2.08627468803321,-12.476649250079,-12.476649250079,-294.642487341113
-2.07946487373507,-2.08240051130438,-2.10735734857362,-12.476649250079,-12.476649250079,-132.992739337102
-2.07979254070413,-2.08081413679106,-2.1261785689038,-12.476649250079,-12.476649250079,-256.863345547598
-2.08011766176238,-2.09652134671895,-2.1261785689038,-12.476649250079,-12.476649250079,-12.476649250079
-2.08011766176238,-2.08240051130438,-2.09013081537291,-12.476649250079,-12.476649250079,-132.992739337102
-2.08011766176238,-2.62867117863725,-2.15972309271789,-77.1615078274212,-12.476649250079,-12.476649250079
-2.07963227525036,-2.08627468803321,-2.1261785689038,-12.476649250079,-12.476649250079,-132.992739337102
-23.9767889996065,-23.9767889996065,-12.476649250079,-12.476649250079,-12.476649250079,-126.590762873336
-2.07979254070413,-2.1261785689038,-2.09652134671895,-12.476649250079,-12.476649250079,-12.476649250079
-2.07946487373507,-2.08240051130438,-2.1261785689038,-12.476649250079,-12.476649250079,-132.992739337102
-2.07954934994417,-2.62867117863725,-2.15972309271789,-77.1615078274212,-12.476649250079,-12.476649250079
-2.08240051130438,-2.08627468803321,-2.34217436617311,-12.476649250079,-12.476649250079,-375.635358117839
-15.113044351685,-15.113044351685,-11.6141067640076,-12.476649250079,-12.476649250079,-166.459255756796
-2.08011766176238,-2.1261785689038,-2.34217436617311,-12.476649250079,-12.476649250079,-140.444092418998
-2.1261785689038,-2.22144431849856,-2.1261785689038,-12.476649250079,-12.476649250079,-239.549467704172
-2.07946487373507,-2.1261785689038,-2.1261785689038,-12.476649250079,-12.476649250079,-12.476649250079
-2.1261785689038,-12.476649250079,-2.62867117863725,-149.836637074649,-12.476649250079,-12.476649250079
-12.9533212689304,-8.59772243149469,-6.85531405536328,-12.476649250079,-12.476649250079,-66.3508606373759
-8.59772243149469,-7.76368801208976,-3.99622537336035,-12.476649250079,-12.476649250079,-12.476649250079
-6.85531405536328,-5.87161194524079,-4.35303089070268,-12.476649250079,-12.476649250079,-122.858691302767
-2.07979254070413,-2.08240051130438,-2.09652134671895,-12.476649250079,-12.476649250079,-142.982842197973
-2.07963227525036,-2.09652134671895,-2.1261785689038,-12.476649250079,-12.476649250079,-12.476649250079
-2.08011766176238,-2.08011766176238,-2.08240051130438,-12.476649250079,-12.476649250079,-12.476649250079
-2.07944326052427,-2.08240051130437,-2.09652134671895,-12.476649250079,-12.476649250079,-12.476649250079
-10.7275790847415,-8.59772243149469,-5.87161194524079,-12.476649250079,-12.476649250079,-12.476649250079
-2.07954934994417,-2.09652134671895,-2.15972309271789,-12.476649250079,-12.476649250079,-195.685062677928
-10.7275790847415,-6.85531405536327,-4.84211754347858,-12.476649250079,-12.476649250079,-12.476649250079
-2.07945619038518,-2.08627468803321,-2.1261785689038,-12.476649250079,-12.476649250079,-12.476649250079
-2.09652134671895,-2.08240051130437,-2.34217436617311,-12.476649250079,-12.476649250079,-12.476649250079
-2.08627468803321,-2.1261785689038,-2.22144431849856,-12.476649250079,-12.476649250079,-142.982842197973
-2.07947943619686,-2.08240051130438,-2.15972309271789,-12.476649250079,-12.476649250079,-12.476649250079
-2.07944326052427,-2.08627468803321,-2.10735734857362,-12.476649250079,-12.476649250079,-12.476649250079
-2.0795045594526,-2.1261785689038,-2.15972309271789,-12.476649250079,-12.476649250079,-80.249990704935
-28.3983204059686,-40.9390918692144,-71.2341116853013,-63.9309555548761,-12.476649250079,-12.476649250079
-2.62867117863725,-2.08627468803321,-2.09013081537291,-12.476649250079,-12.476649250079,-75.2146382020367
-2.08081413679106,-2.08627468803321,-2.22144431849856,-12.476649250079,-12.476649250079,-256.863345547598
-2.07963227525036,-2.08081413679106,-2.15972309271789,-12.476649250079,-12.476649250079,-12.476649250079
-2.07944326052427,-2.08240051130438,-2.09652134671895,-12.476649250079,-12.476649250079,-12.476649250079
-2.08011766176238,-2.09652134671895,-2.22144431849856,-12.476649250079,-12.476649250079,-12.476649250079
-41.2910605684114,-7.67867751491282,-14.6922450965381,-72.1115014911457,-12.476649250079,-12.476649250079
-9.97209607150044,-12.476649250079,-9.97209607150044,-210.040320334099,-12.476649250079,-12.476649250079
-2.07944326052427,-2.08240051130438,-2.10735734857362,-12.476649250079,-12.476649250079,-12.476649250079
-2.08240051130438,-2.08240051130438,-2.09652134671895,-12.476649250079,-12.476649250079,-206.459617298525
-2.09652134671895,-2.08627468803321,-2.62867117863725,-12.476649250079,-12.476649250079,-12.476649250079
-2.09652134671895,-2.08627468803321,-2.15972309271789,-12.476649250079,-12.476649250079,-12.476649250079
-12.476649250079,-12.476649250079,-12.476649250079,-12.476649250079,-12.476649250079,-12.476649250079
-2.0795045594526,-2.08081413679106,-2.09013081537291,-12.476649250079,-12.476649250079,-68.8848566317902
-2.08011766176238,-2.1261785689038,-2.10735734857362,-12.476649250079,-12.476649250079,-12.476649250079
-2.07979254070413,-2.08240051130438,-2.1261785689038,-12.476649250079,-12.476649250079,-195.685062677928
-2.07944326052427,-2.08011766176238,-2.09013081537291,-12.476649250079,-12.476649250079,-73.9202091346886
-12.476649250079,-12.476649250079,-37.418354029459,-53.7237697719177,-12.476649250079,-59.5548799116093
-2.08081413679106,-2.22144431849856,-2.34217436617311,-12.476649250079,-12.476649250079,-80.249990704935
-2.0795045594526,-2.08627468803321,-2.15972309271789,-12.476649250079,-12.476649250079,-256.863345547598
-2.07954934994417,-2.22144431849856,-2.15972309271789,-12.476649250079,-12.476649250079,-12.476649250079
-2.08011766176238,-2.09652134671895,-2.1261785689038,-12.476649250079,-12.476649250079,-84.1350222974766
-2.07945088626694,-2.08081413679106,-2.1261785689038,-12.476649250079,-12.476649250079,-132.992739337102
-2.08081413679106,-2.1261785689038,-2.1261785689038,-12.476649250079,-12.476649250079,-12.476649250079
-11.9078258171658,-9.36467027153409,-6.37229331210411,-12.476649250079,-12.476649250079,-222.238020645634
-30.1795260831027,-26.9865301465814,-9.97209607150044,-12.476649250079,-12.476649250079,-12.476649250079
-2.08081413679106,-2.09652134671895,-2.34217436617311,-12.476649250079,-12.476649250079,-256.863345547598
-2.07954934994417,-2.09652134671895,-2.1261785689038,-12.476649250079,-12.476649250079,-12.476649250079
-2.07944548375319,-2.1261785689038,-2.10735734857362,-12.476649250079,-12.476649250079,-12.476649250079
-2.0795045594526,-2.1261785689038,-2.1261785689038,-12.476649250079,-12.476649250079,-12.476649250079
-2.08627468803321,-2.08081413679106,-2.07963227525036,-12.476649250079,-12.476649250079,-162.82252495235
-2.08081413679106,-2.62867117863725,-2.1261785689038,-77.1615078274212,-12.476649250079,-84.1350222974766
-2.07944413637441,-2.08240051130438,-2.10735734857362,-12.476649250079,-12.476649250079,-12.476649250079
-41.5542424160675,-82.7312627764113,-26.5263614701289,-12.476649250079,-12.476649250079,-125.188717504446
-2.07954934994417,-2.08240051130438,-2.09013081537291,-12.476649250079,-12.476649250079,-12.476649250079
-2.07979254070413,-2.08240051130438,-2.1261785689038,-12.476649250079,-12.476649250079,-195.685062677928
-2.08011766176238,-2.08627468803321,-2.10735734857362,-12.476649250079,-12.476649250079,-12.476649250079
-2.22144431849856,-12.476649250079,-3.81240339095011,-12.476649250079,-12.476649250079,-12.476649250079
-2.07954934994417,-2.09652134671895,-2.22144431849856,-12.476649250079,-12.476649250079,-256.863345547598
-2.07954934994417,-2.22144431849856,-2.1261785689038,-12.476649250079,-12.476649250079,-12.476649250079
-2.07944326052427,-2.08240051130438,-2.10735734857362,-12.476649250079,-12.476649250079,-12.476649250079
-12.476649250079,-12.476649250079,-2.34217436617311,-221.435195521656,-12.476649250079,-84.1350222974766
-2.07963227525036,-2.22144431849856,-2.1261785689038,-12.476649250079,-12.476649250079,-12.476649250079
-2.07947943619686,-2.09652134671895,-2.15972309271789,-12.476649250079,-12.476649250079,-12.476649250079
-2.07947943619686,-2.1261785689038,-2.15972309271789,-12.476649250079,-12.476649250079,-80.249990704935
-2.07954934994417,-2.08627468803321,-2.09652134671895,-12.476649250079,-12.476649250079,-12.476649250079
-2.0795045594526,-2.08240051130438,-2.15972309271789,-12.476649250079,-12.476649250079,-12.476649250079
-9.36467027153409,-5.87161194524079,-5.87161194524079,-12.476649250079,-12.476649250079,-137.785770754223
-2.07945619038518,-2.09652134671895,-2.1261785689038,-12.476649250079,-12.476649250079,-77.8052407272301
-2.09652134671895,-2.1261785689038,-2.22144431849856,-12.476649250079,-12.476649250079,-12.476649250079
-2.08240051130438,-12.476649250079,-2.34217436617311,-149.836637074649,-12.476649250079,-12.476649250079
-2.07944326052427,-2.08627468803321,-2.10735734857362,-12.476649250079,-12.476649250079,-12.476649250079
-2.07945088626694,-2.09652134671895,-2.1261785689038,-12.476649250079,-12.476649250079,-12.476649250079
-30.2488250715152,-38.1716440924548,-14.9478301708938,-12.476649250079,-12.476649250079,-103.039563056348
-2.08081413679106,-2.22144431849856,-2.34217436617311,-12.476649250079,-12.476649250079,-12.476649250079
-2.07947943619686,-2.09652134671895,-2.15972309271789,-12.476649250079,-12.476649250079,-142.982842197973
-109.677059069028,-58.4802154566043,-45.0278858192114,-12.476649250079,-12.476649250079,-12.476649250079
-26.2373066451692,-12.476649250079,-26.2373066451692,-53.5528723608893,-12.476649250079,-36.7104015687925
-2.08011766176238,-2.09652134671895,-2.15972309271789,-12.476649250079,-12.476649250079,-68.8848566317902
-2.07954934994417,-2.1261785689038,-2.10735734857362,-12.476649250079,-12.476649250079,-12.476649250079
-2.07944326052427,-2.08240051130437,-2.09652134671895,-12.476649250079,-12.476649250079,-12.476649250079
-2.07945088626694,-2.08081413679106,-2.09652134671895,-12.476649250079,-12.476649250079,-12.476649250079
-2.07979254070413,-2.1261785689038,-2.15972309271789,-12.476649250079,-12.476649250079,-12.476649250079
-8.59772243149469,-13.9037583076143,-6.85531405536328,-12.476649250079,-12.476649250079,-423.573558603946
-2.07954934994417,-2.1261785689038,-2.15972309271789,-12.476649250079,-12.476649250079,-80.249990704935
-87.0382413514427,-32.347895400479,-32.347895400479,-12.476649250079,-12.476649250079,-12.476649250079
-30.6157749379011,-57.7549401638479,-30.6157749379011,-12.476649250079,-12.476649250079,-121.689618767117
-2.08240051130438,-2.1261785689038,-2.10735734857362,-12.476649250079,-12.476649250079,-12.476649250079
-2.07979254070413,-2.08240051130438,-2.22144431849856,-12.476649250079,-12.476649250079,-12.476649250079
-37.3214794963679,-12.476649250079,-12.641488767244,-222.139315411207,-12.476649250079,-12.476649250079
-2.07979254070413,-2.08627468803321,-2.15972309271789,-12.476649250079,-12.476649250079,-12.476649250079
-2.1261785689038,-2.62867117863725,-12.476649250079,-12.476649250079,-12.476649250079,-12.476649250079
-2.07979254070413,-2.1261785689038,-2.1261785689038,-12.476649250079,-12.476649250079,-12.476649250079
-2.08011766176238,-2.07963227525036,-2.10735734857362,-12.476649250079,-12.476649250079,-256.863345547598
-2.0795045594526,-2.22144431849856,-2.15972309271789,-77.1615078274212,-12.476649250079,-12.476649250079
-2.0795045594526,-2.08240051130438,-2.15972309271789,-12.476649250079,-12.476649250079,-12.476649250079
-2.07945619038518,-2.1261785689038,-2.1261785689038,-12.476649250079,-12.476649250079,-12.476649250079
-2.08240051130438,-12.476649250079,-2.15972309271789,-149.836637074649,-12.476649250079,-12.476649250079
-31.7162648941012,-36.5197188612398,-38.9093579765713,-12.476649250079,-12.476649250079,-153.602888581988
-2.07946487373507,-2.1261785689038,-2.1261785689038,-12.476649250079,-12.476649250079,-12.476649250079
-53.5291388854803,-14.3651375555738,-14.3651375555738,-12.476649250079,-12.476649250079,-12.476649250079
-2.07979254070413,-2.1261785689038,-2.10735734857362,-12.476649250079,-12.476649250079,-12.476649250079
-2.07979254070413,-2.09652134671895,-2.15972309271789,-12.476649250079,-12.476649250079,-210.557346096698
-2.07944326052427,-2.08240051130437,-2.09652134671895,-12.476649250079,-12.476649250079,-12.476649250079
-12.476649250079,-2.62867117863725,-2.1261785689038,-77.1615078274212,-12.476649250079,-375.635358117839
-2.07944757988098,-2.09652134671895,-2.1261785689038,-12.476649250079,-12.476649250079,-12.476649250079
-2.07944326052427,-2.08011766176238,-2.10735734857362,-12.476649250079,-12.476649250079,-12.476649250079
-2.08240051130438,-2.08240051130437,-2.07979254070413,-12.476649250079,-12.476649250079,-84.1350222974766
-32.8588714689977,-20.9530202129219,-47.3079619642613,-12.476649250079,-12.476649250079,-12.476649250079
-2.07979254070413,-2.08081413679106,-2.1261785689038,-12.476649250079,-12.476649250079,-256.863345547598
-2.09652134671895,-2.62867117863725,-2.34217436617311,-77.1615078274212,-12.476649250079,-84.1350222974766
-2.07954934994417,-2.08627468803321,-2.10735734857362,-12.476649250079,-12.476649250079,-12.476649250079
-2.08011766176238,-2.22144431849856,-2.34217436617311,-12.476649250079,-12.476649250079,-145.381069009583
-50.150685997158,-32.8588714689977,-17.9304436896221,-12.476649250079,-12.476649250079,-66.4401066540853
-12.476649250079,-9.97209607150044,-5.81728549558919,-12.476649250079,-12.476649250079,-73.7533671182627
-12.476649250079,-12.476649250079,-12.476649250079,-12.476649250079,-12.476649250079,-12.476649250079
-2.07954934994417,-2.08240051130438,-2.10735734857362,-12.476649250079,-12.476649250079,-12.476649250079
-38.6901706335491,-9.03637440217292,-20.9530202129219,-70.7538046038856,-12.476649250079,-85.1643026461306
-44.2714063662437,-20.5408075064864,-16.1895022036631,-12.476649250079,-12.476649250079,-12.476649250079
-2.07954934994417,-2.07979254070413,-2.15972309271789,-12.476649250079,-12.476649250079,-12.476649250079
-31.7162648941012,-31.7162648941012,-17.1308857978145,-12.476649250079,-12.476649250079,-222.016366495875
-2.07944757988098,-2.08011766176238,-2.09652134671895,-12.476649250079,-12.476649250079,-12.476649250079
-12.476649250079,-34.366693189496,-12.476649250079,-12.476649250079,-12.476649250079,-12.476649250079
-2.07979254070413,-2.08240051130438,-2.15972309271789,-12.476649250079,-12.476649250079,-12.476649250079
-116.745352473418,-12.476649250079,-60.3658641024358,-51.0213349669563,-12.476649250079,-44.8316488455728
-2.07946487373507,-2.1261785689038,-2.1261785689038,-12.476649250079,-12.476649250079,-12.476649250079
-11.9078258171658,-10.7275790847415,-6.37229331210411,-12.476649250079,-12.476649250079,-62.7018846703603
-2.08011766176238,-2.62867117863725,-2.22144431849856,-12.476649250079,-12.476649250079,-79.0996697945782
-41.5542424160675,-93.990344904115,-31.7658313620125,-12.476649250079,-12.476649250079,-201.618192920848
-2.07944326052427,-2.07963227525036,-2.09652134671895,-12.476649250079,-12.476649250079,-12.476649250079
-4.17424289303549,-12.476649250079,-35.0035396312464,-227.145872092472,-12.476649250079,-12.476649250079
-0.637676316103194,-32.7045481851134,-47.3526026293898,-61.7432756046219,-12.476649250079,-12.476649250079
-4.46184004641214,-12.476649250079,-12.1139940476649,-227.145729621458,-12.476649250079,-12.476649250079
-0.637676316103194,-12.476649250079,-40.0529541140528,-176.20877146117,-12.476649250079,-12.476649250079
-4.40543377426362,-69.3567333401019,-27.5204321102327,-12.476649250079,-12.476649250079,-12.476649250079
-0.637676316103194,-12.476649250079,-32.7045481851134,-176.20877146117,-12.476649250079,-12.476649250079
-0.637676316103194,-12.476649250079,-32.7045481851134,-341.593996285463,-12.476649250079,-12.476649250079
-0.637676316103194,-18.0469034014366,-61.7785747207542,-119.353533208034,-12.476649250079,-12.476649250079
-4.46184004641214,-12.476649250079,-27.0367793033339,-280.78787496588,-12.476649250079,-12.476649250079
-0.637676316103194,-12.476649250079,-40.0529541140528,-287.249405795491,-12.476649250079,-12.476649250079
-0.637676316103194,-12.476649250079,-32.7045481851134,-232.152286302723,-12.476649250079,-12.476649250079
-15.5339215396653,-12.476649250079,-50.942722670119,-162.979565748654,-12.476649250079,-12.476649250079
-0.637676316103194,-12.476649250079,-47.3526026293898,-119.353533208034,-12.476649250079,-12.476649250079
-7.99840662334443,-12.476649250079,-37.3214794963679,-168.979014808957,-12.476649250079,-12.476649250079
-0.637676316103194,-12.476649250079,-25.3343480477629,-119.353533208034,-12.476649250079,-12.476649250079
-0.637676316103194,-12.476649250079,-32.7045481851134,-341.593996285463,-12.476649250079,-12.476649250079
-0.637676316103194,-12.476649250079,-40.0529541140528,-119.353533208034,-12.476649250079,-88.0860568554118
-0.637676316103194,-12.476649250079,-40.0529541140528,-176.20877146117,-12.476649250079,-12.476649250079
-0.637676316103194,-12.476649250079,-32.7045481851134,-176.20877146117,-12.476649250079,-12.476649250079
-0.637676316103194,-18.0469034014366,-40.0529541140528,-61.7432756046219,-12.476649250079,-12.476649250079
-0.637676316103194,-61.7785747207542,-40.0529541140528,-12.476649250079,-12.476649250079,-12.476649250079
-34.2035753390887,-12.476649250079,-40.3119783423547,-51.7456942330566,-12.476649250079,-12.476649250079
-87.9260739225108,-12.476649250079,-22.8528914258453,-39.1985009999579,-12.476649250079,-12.476649250079
-15.5339215396653,-12.476649250079,-31.6987591906246,-162.979565748654,-12.476649250079,-12.476649250079
-0.637676316103194,-32.7045481851134,-47.3526026293898,-61.7432756046219,-12.476649250079,-12.476649250079
-0.637676316103194,-75.9779483411762,-32.7045481851134,-12.476649250079,-12.476649250079,-12.476649250079
-47.8525567411784,-160.35226564182,-70.4034300153888,-12.476649250079,-12.476649250079,-63.7798798991353
-0.637676316103194,-47.3526026293898,-61.7785747207542,-12.476649250079,-12.476649250079,-12.476649250079
-4.17424289303549,-19.1363870747241,-12.476649250079,-12.476649250079,-12.476649250079,-12.476649250079
-15.5339215396653,-12.476649250079,-31.6987591906246,-162.979565748654,-12.476649250079,-12.476649250079
-0.637676316103194,-32.7045481851134,-54.5949480109781,-61.7432756046219,-12.476649250079,-12.476649250079
-144.045897346085,-179.091521001505,-48.0263115922904,-12.476649250079,-12.476649250079,-14.9724651072476
-4.17424289303549,-19.1363870747241,-27.0152940254664,-60.6537919313344,-12.476649250079,-12.476649250079
-11.997354962733,-12.476649250079,-30.0178132129211,-321.506854577212,-12.476649250079,-12.476649250079
-0.637676316103194,-12.476649250079,-18.0469034014366,-176.20877146117,-12.476649250079,-88.0860568554118
-0.637676316103194,-32.7045481851134,-47.3526026293898,-61.7432756046219,-12.476649250079,-12.476649250079
-4.46184004641214,-82.4394791707877,-43.0104222030881,-12.476649250079,-12.476649250079,-12.476649250079
-0.637676316103194,-12.476649250079,-47.3526026293898,-119.353533208034,-12.476649250079,-12.476649250079
-0.637676316103194,-12.476649250079,-32.7045481851134,-232.152286302723,-12.476649250079,-12.476649250079
-4.40543377426362,-12.476649250079,-22.6549049859785,-129.403176407169,-12.476649250079,-12.476649250079
-0.637676316103194,-12.476649250079,-40.0529541140528,-287.249405795491,-12.476649250079,-12.476649250079
-11.7097578093563,-38.9870792825063,-56.961883731047,-58.6713448072074,-12.476649250079,-12.476649250079
-0.637676316103194,-18.0469034014366,-40.0529541140528,-119.353533208034,-12.476649250079,-12.476649250079
-4.17424289303549,-12.476649250079,-27.0152940254664,-172.598939419816,-12.476649250079,-12.476649250079
-0.637676316103194,-32.7045481851134,-47.3526026293898,-61.7432756046219,-12.476649250079,-12.476649250079
-27.9786123450864,-12.476649250079,-15.1738655914622,-54.4926236184056,-12.476649250079,-12.476649250079
-35.8084785485649,-12.476649250079,-61.9792614575577,-101.732111203455,-12.476649250079,-12.476649250079
-0.637676316103194,-47.3526026293898,-54.5949480109781,-12.476649250079,-12.476649250079,-12.476649250079
-2.40595960456934,-12.476649250079,-9.56587918390665,-127.104184961036,-12.476649250079,-12.476649250079
-10.6277791769742,-47.3526026293898,-25.3343480477629,-12.476649250079,-12.476649250079,-12.476649250079
-0.637676316103194,-18.0469034014366,-40.0529541140528,-61.7432756046219,-12.476649250079,-12.476649250079
-8.17319123242404,-36.6880878363734,-61.6072823704715,-59.7608284804949,-12.476649250079,-12.476649250079
-24.9503446689947,-44.8482414221886,-75.1334830355117,-55.5451767924793,-12.476649250079,-12.476649250079
-4.17424289303549,-12.476649250079,-42.9954876972625,-172.598939419816,-12.476649250079,-12.476649250079
-15.5339215396653,-98.977294895687,-70.2095251084391,-12.476649250079,-12.476649250079,-12.476649250079
-0.637676316103194,-12.476649250079,-40.0529541140528,-232.152286302723,-12.476649250079,-12.476649250079
-0.637676316103194,-18.0469034014366,-32.7045481851134,-61.7432756046219,-12.476649250079,-12.476649250079
-26.9000611265247,-25.1010351652049,-35.892471435404,-54.6891438408536,-12.476649250079,-12.476649250079
-0.637676316103194,-61.7785747207542,-130.989661105366,-12.476649250079,-12.476649250079,-88.0860568554118
-7.99840662334443,-37.3214794963679,-37.3214794963679,-12.476649250079,-12.476649250079,-12.476649250079
-0.637676316103194,-18.0469034014366,-47.3526026293898,-119.353533208034,-12.476649250079,-12.476649250079
-4.46184004641214,-50.9725272402486,-66.7851314020191,-12.476649250079,-12.476649250079,-12.476649250079
-0.637676316103194,-12.476649250079,-12.476649250079,-12.476649250079,-12.476649250079,-12.476649250079
-4.17424289303549,-82.4475651616224,-82.4475651616224,-12.476649250079,-12.476649250079,-86.1190990675499
-8.17319123242404,-12.476649250079,-36.6880878363733,-277.181206891038,-12.476649250079,-12.476649250079
-0.637676316103194,-47.3526026293898,-54.5949480109781,-12.476649250079,-12.476649250079,-12.476649250079
-0.637676316103194,-12.476649250079,-40.0529541140528,-119.353533208034,-12.476649250079,-12.476649250079
-85.4541619401171,-12.476649250079,-21.6164625550389,-79.662635179546,-12.476649250079,-44.8316488455728
-4.46184004641214,-12.476649250079,-27.0367793033339,-333.625109800401,-12.476649250079,-12.476649250079
-0.637676316103194,-12.476649250079,-40.0529541140528,-287.249405795491,-12.476649250079,-12.476649250079
-0.637676316103194,-61.7785747207542,-61.7785747207542,-12.476649250079,-12.476649250079,-12.476649250079
-0.637676316103194,-117.461037325147,-32.7045481851134,-12.476649250079,-12.476649250079,-12.476649250079
-0.637676316103194,-32.7045481851134,-54.5949480109781,-61.7432756046219,-12.476649250079,-250.050819994211
-59.7481328233936,-33.1969224102633,-19.1678917612004,-12.476649250079,-12.476649250079,-58.0354775414997
-0.637676316103194,-12.476649250079,-40.0529541140528,-232.152286302723,-12.476649250079,-12.476649250079
-0.637676316103194,-75.9779483411762,-40.0529541140528,-12.476649250079,-12.476649250079,-12.476649250079
-61.6351341427265,-50.3134776993298,-16.0335611474577,-12.476649250079,-12.476649250079,-57.0250100336748
-0.637676316103194,-18.0469034014366,-32.7045481851134,-61.7432756046219,-12.476649250079,-12.476649250079
-11.7097578093563,-21.1188341988511,-38.9870792825063,-58.6713448072074,-12.476649250079,-12.476649250079
-0.637676316103194,-12.476649250079,-47.3526026293898,-119.353533208034,-12.476649250079,-12.476649250079
-0.637676316103194,-12.476649250079,-47.3526026293898,-119.353533208034,-12.476649250079,-12.476649250079
-11.7097578093563,-12.476649250079,-21.1188341988511,-219.117666408411,-12.476649250079,-12.476649250079
-11.7097578093563,-21.1188341988511,-29.9963279350536,-58.6713448072074,-12.476649250079,-12.476649250079
-4.17424289303549,-19.1363870747241,-50.9624346707433,-60.6537919313344,-12.476649250079,-321.964602637403
-24.9503446689947,-84.981653589166,-84.981653589166,-12.476649250079,-12.476649250079,-12.476649250079
-0.637676316103194,-18.0469034014366,-32.7045481851134,-61.7432756046219,-12.476649250079,-12.476649250079
-0.637676316103194,-32.7045481851134,-40.0529541140528,-61.7432756046219,-12.476649250079,-12.476649250079
-0.637676316103194,-12.476649250079,-32.7045481851134,-119.353533208034,-12.476649250079,-12.476649250079
-7.99840662334443,-12.476649250079,-28.7177252810373,-168.979014808957,-12.476649250079,-12.476649250079
-6.23012333487828,-12.476649250079,-10.1091119430258,-242.05798432758,-12.476649250079,-12.476649250079
-4.17424289303549,-35.0035396312464,-42.9954876972625,-60.6537919313344,-12.476649250079,-12.476649250079
-4.46184004641214,-12.476649250079,-35.0224880502349,-117.035593342913,-12.476649250079,-12.476649250079
-0.637676316103194,-18.0469034014366,-47.3526026293898,-61.7432756046219,-12.476649250079,-12.476649250079
-0.637676316103194,-32.7045481851134,-54.5949480109781,-12.476649250079,-12.476649250079,-12.476649250079
-53.2635705908897,-87.5980333258577,-31.7421891104023,-12.476649250079,-12.476649250079,-12.476649250079
-6.08632475818996,-73.4092009256203,-119.681692772198,-12.476649250079,-12.476649250079,-12.476649250079
-0.637676316103194,-12.476649250079,-32.7045481851134,-341.593996285463,-12.476649250079,-12.476649250079
-4.46184004641214,-12.476649250079,-43.0104222030881,-227.145729621458,-12.476649250079,-12.476649250079
-4.17424289303549,-19.1363870747241,-42.9954876972625,-60.6537919313344,-12.476649250079,-12.476649250079
-86.5599255505724,-12.476649250079,-12.476649250079,-75.0161194385817,-12.476649250079,-12.476649250079
-7.99840662334443,-71.7915456122704,-54.5823592816022,-12.476649250079,-12.476649250079,-12.476649250079
-0.637676316103194,-61.7785747207542,-75.9779483411762,-12.476649250079,-12.476649250079,-12.476649250079
-0.637676316103194,-12.476649250079,-32.7045481851134,-500.951116035653,-12.476649250079,-12.476649250079
-4.46184004641214,-97.9440241414282,-35.0224880502349,-12.476649250079,-12.476649250079,-12.476649250079
-4.46184004641214,-12.476649250079,-35.0224880502349,-227.145729621458,-12.476649250079,-12.476649250079
-0.637676316103194,-12.476649250079,-40.0529541140528,-119.353533208034,-12.476649250079,-12.476649250079
-4.17424289303549,-66.7849889310055,-90.2209693273102,-12.476649250079,-12.476649250079,-86.1190990675499
-0.637676316103194,-12.476649250079,-25.3343480477629,-61.7432756046219,-12.476649250079,-12.476649250079
-11.7097578093563,-144.817571286401,-65.9058953412571,-12.476649250079,-12.476649250079,-12.476649250079
-7.99840662334443,-12.476649250079,-20.2475490513773,-325.642348057625,-12.476649250079,-12.476649250079
-11.997354962733,-12.476649250079,-48.0001890869093,-166.589397790007,-12.476649250079,-12.476649250079
-30.436627703457,-12.476649250079,-12.476649250079,-12.476649250079,-12.476649250079,-12.476649250079
-0.637676316103194,-47.3526026293898,-54.5949480109781,-12.476649250079,-12.476649250079,-12.476649250079
-4.17424289303549,-12.476649250079,-27.0152940254664,-333.611234542686,-12.476649250079,-12.476649250079
-0.637676316103194,-47.3526026293898,-54.5949480109781,-12.476649250079,-12.476649250079,-12.476649250079
-64.1182300469186,-12.476649250079,-12.476649250079,-100.202864319981,-12.476649250079,-55.4302883828588
-0.637676316103194,-61.7785747207542,-40.0529541140528,-12.476649250079,-12.476649250079,-12.476649250079
-11.997354962733,-39.0060277014949,-65.9109121376536,-58.6496665038416,-12.476649250079,-82.1509455274032
-0.637676316103194,-61.7785747207542,-54.5949480109781,-12.476649250079,-12.476649250079,-12.476649250079
-8.17319123242404,-12.476649250079,-28.3153819573502,-59.7608284804949,-12.476649250079,-12.476649250079
-0.637676316103194,-12.476649250079,-32.7045481851134,-448.371387367806,-12.476649250079,-12.476649250079
-0.637676316103194,-12.476649250079,-32.7045481851134,-176.20877146117,-12.476649250079,-12.476649250079
-0.637676316103194,-12.476649250079,-40.0529541140528,-232.152286302723,-12.476649250079,-12.476649250079
-0.637676316103194,-18.0469034014366,-47.3526026293898,-119.353533208034,-12.476649250079,-12.476649250079
-0.637676316103194,-47.3526026293898,-54.5949480109781,-12.476649250079,-12.476649250079,-12.476649250079
-4.46184004641214,-35.0224880502349,-43.0104222030881,-12.476649250079,-12.476649250079,-12.476649250079
-0.637676316103194,-12.476649250079,-40.0529541140528,-176.20877146117,-12.476649250079,-12.476649250079
-7.99840662334443,-12.476649250079,-28.7177252810373,-222.139315411207,-12.476649250079,-12.476649250079
-4.17424289303549,-12.476649250079,-42.9954876972625,-227.145872092472,-12.476649250079,-12.476649250079
-2.54975818125767,-12.476649250079,-47.705296964713,-343.389354556961,-12.476649250079,-12.476649250079
-4.46184004641214,-35.0224880502349,-43.0104222030881,-12.476649250079,-12.476649250079,-12.476649250079
-0.637676316103194,-12.476649250079,-18.0469034014366,-395.275261728427,-12.476649250079,-12.476649250079
-79.1271001950231,-72.7341004129357,-38.4082928689108,-12.476649250079,-12.476649250079,-91.781223685211
-0.637676316103194,-12.476649250079,-25.3343480477629,-287.249405795491,-12.476649250079,-12.476649250079
-0.637676316103194,-47.3526026293898,-32.7045481851134,-12.476649250079,-12.476649250079,-12.476649250079
-0.637676316103194,-12.476649250079,-32.7045481851134,-232.152286302723,-12.476649250079,-12.476649250079
-15.5403824798949,-12.476649250079,-12.476649250079,-111.602881455032,-12.476649250079,-12.476649250079
-0.637676316103194,-12.476649250079,-40.0529541140528,-287.249405795491,-12.476649250079,-12.476649250079
-0.637676316103194,-12.476649250079,-32.7045481851134,-176.20877146117,-12.476649250079,-12.476649250079
-0.637676316103194,-12.476649250079,-47.3526026293898,-176.20877146117,-12.476649250079,-12.476649250079
-8.08902939799903,-12.476649250079,-58.7474778169469,-111.602881455032,-12.476649250079,-12.476649250079
-4.46184004641214,-12.476649250079,-12.1139940476649,-172.588846850311,-12.476649250079,-12.476649250079
-4.17424289303549,-12.476649250079,-27.0152940254664,-280.779788975045,-12.476649250079,-86.1190990675499
-0.637676316103194,-32.7045481851134,-32.7045481851134,-12.476649250079,-12.476649250079,-12.476649250079
-7.99840662334443,-12.476649250079,-20.2475490513773,-325.642348057625,-12.476649250079,-12.476649250079
-0.637676316103194,-18.0469034014366,-25.3343480477629,-61.7432756046219,-12.476649250079,-12.476649250079
-0.637676316103194,-18.0469034014366,-47.3526026293898,-119.353533208034,-12.476649250079,-12.476649250079
-11.997354962733,-12.476649250079,-21.1405125022168,-166.589397790007,-12.476649250079,-12.476649250079
-15.5339215396653,-22.2299961755043,-31.6987591906246,-57.5601828305542,-12.476649250079,-12.476649250079
-4.46184004641214,-12.476649250079,-35.0224880502349,-227.145729621458,-12.476649250079,-12.476649250079
-0.637676316103194,-47.3526026293898,-54.5949480109781,-12.476649250079,-12.476649250079,-12.476649250079
-0.637676316103194,-32.7045481851134,-40.0529541140528,-12.476649250079,-12.476649250079,-12.476649250079
-4.46184004641214,-12.476649250079,-35.0224880502349,-60.6321136279687,-12.476649250079,-12.476649250079
-2.54975818125767,-12.476649250079,-20.0217392706353,-132.036342122512,-12.476649250079,-12.476649250079
-4.17424289303549,-12.476649250079,-35.0035396312464,-117.054541761901,-12.476649250079,-12.476649250079
-0.637676316103194,-47.3526026293898,-54.5949480109781,-12.476649250079,-12.476649250079,-12.476649250079
-107.584124693606,-209.475319110093,-45.8244027493073,-12.476649250079,-12.476649250079,-33.2520516015526
-131.851169101665,-12.476649250079,-28.4448685963547,-28.1469160739877,-12.476649250079,-12.476649250079
-4.46184004641214,-35.0224880502349,-35.0224880502349,-12.476649250079,-12.476649250079,-12.476649250079
-0.637676316103194,-12.476649250079,-40.0529541140528,-176.20877146117,-12.476649250079,-88.0860568554118
-0.637676316103194,-12.476649250079,-32.7045481851134,-395.275261728427,-12.476649250079,-12.476649250079
-0.637676316103194,-18.0469034014366,-47.3526026293898,-61.7432756046219,-12.476649250079,-12.476649250079
-0.637676316103194,-12.476649250079,-40.0529541140528,-287.249405795491,-12.476649250079,-12.476649250079
-0.637676316103194,-47.3526026293898,-47.3526026293898,-12.476649250079,-12.476649250079,-12.476649250079
-4.17424289303549,-12.476649250079,-42.9954876972625,-172.598939419816,-12.476649250079,-12.476649250079
-0.637676316103194,-47.3526026293898,-54.5949480109781,-12.476649250079,-12.476649250079,-12.476649250079
-0.637676316103194,-12.476649250079,-12.476649250079,-12.476649250079,-12.476649250079,-12.476649250079
-0.637676316103194,-12.476649250079,-32.7045481851134,-395.275261728427,-12.476649250079,-12.476649250079
-0.637676316103194,-61.7785747207542,-47.3526026293898,-12.476649250079,-12.476649250079,-12.476649250079
-0.637676316103194,-12.476649250079,-32.7045481851134,-341.593996285463,-12.476649250079,-12.476649250079
-7.99840662334443,-20.2475490513773,-28.7177252810373,-59.5426299546812,-12.476649250079,-12.476649250079
-0.637676316103194,-18.0469034014366,-47.3526026293898,-119.353533208034,-12.476649250079,-12.476649250079
-8.17319123242404,-69.8067804048155,-69.8067804048155,-12.476649250079,-12.476649250079,-12.476649250079
-85.4541619401171,-58.8063781131599,-13.7466168046602,-12.476649250079,-12.476649250079,-12.476649250079
-0.637676316103194,-12.476649250079,-12.476649250079,-12.476649250079,-12.476649250079,-12.476649250079
-0.637676316103194,-61.7785747207542,-61.7785747207542,-12.476649250079,-12.476649250079,-12.476649250079
-0.637676316103194,-47.3526026293898,-68.9052282108542,-12.476649250079,-12.476649250079,-88.0860568554118
-4.17424289303549,-12.476649250079,-35.0035396312464,-333.611234542686,-12.476649250079,-12.476649250079
-7.99840662334443,-12.476649250079,-12.641488767244,-114.73660189678,-12.476649250079,-12.476649250079
-4.17424289303549,-12.476649250079,-35.0035396312464,-117.054541761901,-12.476649250079,-86.1190990675499
-0.637676316103194,-47.3526026293898,-54.5949480109781,-12.476649250079,-12.476649250079,-12.476649250079
-170.270647564131,-12.476649250079,-61.7432756046219,-18.0469034014366,-12.476649250079,-0.637676316103193
-0.637676316103194,-61.7785747207542,-47.3526026293898,-12.476649250079,-12.476649250079,-12.476649250079
-0.637676316103194,-18.0469034014366,-40.0529541140528,-119.353533208034,-12.476649250079,-12.476649250079
-4.46184004641214,-12.476649250079,-35.0224880502349,-333.625109800401,-12.476649250079,-12.476649250079
-0.637676316103194,-12.476649250079,-25.3343480477629,-341.593996285463,-12.476649250079,-12.476649250079
-0.637676316103194,-47.3526026293898,-54.5949480109781,-12.476649250079,-12.476649250079,-12.476649250079
-0.637676316103194,-12.476649250079,-40.0529541140528,-287.249405795491,-12.476649250079,-12.476649250079
-7.99840662334443,-20.2475490513773,-37.3214794963679,-12.476649250079,-12.476649250079,-12.476649250079
-4.46184004641214,-12.476649250079,-35.0224880502349,-333.625109800401,-12.476649250079,-12.476649250079
-4.46184004641214,-12.476649250079,-43.0104222030881,-117.035593342913,-12.476649250079,-12.476649250079
-0.637676316103194,-32.7045481851134,-47.3526026293898,-12.476649250079,-12.476649250079,-12.476649250079
-4.17424289303549,-12.476649250079,-42.9954876972625,-172.598939419816,-12.476649250079,-12.476649250079
-7.99840662334443,-12.476649250079,-45.9529557862977,-168.979014808957,-12.476649250079,-12.476649250079
-57.2625189302782,-32.6351525612418,-18.9064500427335,-12.476649250079,-12.476649250079,-12.476649250079
-0.637676316103194,-18.0469034014366,-54.5949480109781,-61.7432756046219,-12.476649250079,-12.476649250079
-36.486417154319,-12.476649250079,-27.5265374223868,-100.388193196163,-12.476649250079,-12.476649250079
-75.22632648749,-70.4442050069513,-37.0550137722655,-12.476649250079,-12.476649250079,-12.476649250079
-4.17424289303549,-50.9624346707433,-42.9954876972625,-12.476649250079,-12.476649250079,-12.476649250079
-6.70483381547764,-12.476649250079,-12.641488767244,-274.318258145433,-12.476649250079,-12.476649250079
-6.70483381547764,-12.476649250079,-28.7177252810373,-222.139315411207,-12.476649250079,-12.476649250079
-24.5958446647969,-12.476649250079,-31.5840722033646,-76.4763849458323,-12.476649250079,-44.8316488455728
-4.79302888309125,-12.476649250079,-22.2299961755043,-264.25005924098,-12.476649250079,-12.476649250079
-4.79302888309125,-12.476649250079,-22.2299961755043,-313.524092834436,-12.476649250079,-12.476649250079
-6.70483381547764,-12.476649250079,-20.2475490513773,-325.642348057625,-12.476649250079,-12.476649250079
-4.79302888309125,-12.476649250079,-22.2299961755043,-264.25005924098,-12.476649250079,-12.476649250079
-4.79302888309125,-12.476649250079,-22.2299961755043,-264.25005924098,-12.476649250079,-12.476649250079
-4.79302888309125,-12.476649250079,-41.3050191476278,-409.922744973777,-12.476649250079,-12.476649250079
-17.1875267153977,-47.3526026293898,-68.9052282108542,-12.476649250079,-12.476649250079,-88.0860568554118
-6.70483381547764,-12.476649250079,-20.2475490513773,-325.642348057625,-12.476649250079,-12.476649250079
-11.9461802654377,-12.476649250079,-27.0367793033339,-385.759557750481,-12.476649250079,-12.476649250079
-4.79302888309125,-12.476649250079,-41.3050191476278,-214.111109727146,-12.476649250079,-12.476649250079
-17.1875267153977,-12.476649250079,-32.7045481851134,-176.20877146117,-12.476649250079,-88.0860568554118
-30.5681872413752,-12.476649250079,-70.0775063484802,-81.9805750446675,-12.476649250079,-104.081356438345
-17.1875267153977,-32.7045481851134,-47.3526026293898,-12.476649250079,-12.476649250079,-250.050819994211
-30.0893767329324,-45.8244027493073,-45.8244027493073,-12.476649250079,-12.476649250079,-48.7958723770873
-19.8081999403777,-12.476649250079,-31.7638674137681,-135.953248195197,-12.476649250079,-12.476649250079
-36.0183717389751,-12.476649250079,-12.476649250079,-12.476649250079,-12.476649250079,-12.476649250079
-10.0343753330513,-12.476649250079,-29.9963279350536,-219.117666408411,-12.476649250079,-12.476649250079
-33.688890711309,-37.425658287224,-21.3340012907804,-12.476649250079,-12.476649250079,-49.6435140095824
-34.6248358391762,-12.476649250079,-163.666608027993,-28.5257609853716,-12.476649250079,-2.97592758008851
-23.6560104905388,-75.3313452888035,-92.9573011070874,-40.12694456968,-12.476649250079,-165.532159101678
-17.1875267153977,-12.476649250079,-40.0529541140528,-395.275261728427,-12.476649250079,-88.0860568554118
-4.79302888309125,-12.476649250079,-22.2299961755043,-264.25005924098,-12.476649250079,-12.476649250079
-6.70483381547764,-12.476649250079,-20.2475490513773,-274.318258145433,-12.476649250079,-12.476649250079
-6.70483381547764,-12.476649250079,-28.7177252810373,-274.318258145433,-12.476649250079,-12.476649250079
-4.79302888309125,-12.476649250079,-22.2299961755043,-264.25005924098,-12.476649250079,-12.476649250079
-6.70483381547764,-12.476649250079,-28.7177252810373,-168.979014808957,-12.476649250079,-84.0605383702419
-15.2757217830113,-12.476649250079,-20.0293505255636,-59.7608284804949,-12.476649250079,-12.476649250079
-6.70483381547764,-12.476649250079,-20.2475490513773,-325.642348057625,-12.476649250079,-12.476649250079
-12.4462105103914,-32.8533510870555,-62.1479816479212,-46.9368279190029,-12.476649250079,-167.751857131685
-4.79302888309125,-12.476649250079,-31.6987591906246,-313.524092834436,-12.476649250079,-12.476649250079
-11.9461802654377,-12.476649250079,-19.1580653780898,-333.625109800401,-12.476649250079,-12.476649250079
-4.79302888309125,-12.476649250079,-31.6987591906246,-313.524092834436,-12.476649250079,-12.476649250079
-4.79302888309125,-12.476649250079,-31.6987591906246,-313.524092834436,-12.476649250079,-12.476649250079
-17.1875267153977,-18.0469034014366,-47.3526026293898,-61.7432756046219,-12.476649250079,-327.526751133311
-4.79302888309125,-12.476649250079,-22.2299961755043,-313.524092834436,-12.476649250079,-12.476649250079
-4.79302888309125,-12.476649250079,-31.6987591906246,-313.524092834436,-12.476649250079,-12.476649250079
-17.1875267153977,-12.476649250079,-18.0469034014366,-341.593996285463,-12.476649250079,-12.476649250079
-13.5437411260007,-12.476649250079,-12.476649250079,-12.476649250079,-12.476649250079,-12.476649250079
-11.9461802654377,-12.476649250079,-19.1580653780898,-227.145729621458,-12.476649250079,-12.476649250079
-4.79302888309125,-12.476649250079,-22.2299961755043,-264.25005924098,-12.476649250079,-12.476649250079
-11.9461802654377,-12.476649250079,-27.0152940254664,-385.742073013769,-12.476649250079,-12.476649250079
-4.79302888309125,-12.476649250079,-31.6987591906246,-313.524092834436,-12.476649250079,-12.476649250079
-33.688890711309,-12.476649250079,-12.476649250079,-12.476649250079,-12.476649250079,-12.476649250079
-17.1875267153977,-12.476649250079,-12.476649250079,-84.971486655125,-12.476649250079,-12.476649250079
-30.7770252890151,-178.538295882052,-92.0490068548449,-12.476649250079,-12.476649250079,-46.4104738778282
-4.79302888309125,-12.476649250079,-22.2299961755043,-264.25005924098,-12.476649250079,-12.476649250079
-6.70483381547764,-20.2475490513773,-45.9529557862977,-59.5426299546812,-12.476649250079,-84.0605383702419
-4.79302888309125,-12.476649250079,-41.3050191476278,-214.111109727146,-12.476649250079,-12.476649250079
-11.2615126582324,-12.476649250079,-36.5587447250162,-159.435470563362,-12.476649250079,-12.476649250079
-4.79302888309125,-12.476649250079,-31.6987591906246,-264.25005924098,-12.476649250079,-12.476649250079
-6.70483381547764,-12.476649250079,-20.2475490513773,-114.73660189678,-12.476649250079,-12.476649250079
-7.20486406043141,-45.0721312493698,-76.3652083757861,-55.5821072916931,-12.476649250079,-148.007211093098
-17.1875267153977,-12.476649250079,-58.0215381747877,-154.780089839215,-12.476649250079,-12.476649250079
-4.79302888309125,-12.476649250079,-22.2299961755043,-264.25005924098,-12.476649250079,-12.476649250079
-14.4554855684795,-12.476649250079,-12.476649250079,-106.985950143778,-12.476649250079,-12.476649250079
-17.1875267153977,-12.476649250079,-18.0469034014366,-341.593996285463,-12.476649250079,-12.476649250079
-7.41370210807127,-12.476649250079,-24.1431549904381,-343.157957217233,-12.476649250079,-12.476649250079
-12.673287345665,-12.476649250079,-96.1825057305269,-108.955266304815,-12.476649250079,-43.6027150946307
-4.79302888309125,-12.476649250079,-31.6987591906246,-264.25005924098,-12.476649250079,-12.476649250079
-6.70483381547764,-12.476649250079,-20.2475490513773,-325.642348057625,-12.476649250079,-12.476649250079
-4.79302888309125,-12.476649250079,-31.6987591906246,-214.111109727146,-12.476649250079,-12.476649250079
-32.6888302214015,-12.476649250079,-27.0574324007002,-52.7327466053583,-12.476649250079,-70.0731403351583
-6.70483381547764,-12.476649250079,-20.2475490513773,-168.979014808957,-12.476649250079,-12.476649250079
-6.70483381547764,-12.476649250079,-20.2475490513773,-325.642348057625,-12.476649250079,-12.476649250079
-4.79302888309125,-12.476649250079,-41.3050191476278,-264.25005924098,-12.476649250079,-12.476649250079
-4.79302888309125,-12.476649250079,-22.2299961755043,-264.25005924098,-12.476649250079,-12.476649250079
-17.1875267153977,-12.476649250079,-25.3343480477629,-176.20877146117,-12.476649250079,-88.0860568554118
-17.1875267153977,-18.0469034014366,-54.5949480109781,-119.353533208034,-12.476649250079,-250.050819994211
-4.79302888309125,-12.476649250079,-22.2299961755043,-264.25005924098,-12.476649250079,-12.476649250079
-4.79302888309125,-12.476649250079,-31.6987591906246,-214.111109727146,-12.476649250079,-12.476649250079
-10.0343753330513,-12.476649250079,-53.4487123847031,-280.244820351743,-12.476649250079,-12.476649250079
-12.6550485580313,-12.476649250079,-41.9571765021363,-123.120645309776,-12.476649250079,-160.966849359344
-15.5257369054882,-12.476649250079,-54.6327094184846,-107.619341803772,-12.476649250079,-155.283779565914
-6.70483381547764,-12.476649250079,-20.2475490513773,-325.642348057625,-12.476649250079,-12.476649250079
-4.79302888309125,-12.476649250079,-22.2299961755043,-214.111109727146,-12.476649250079,-12.476649250079
-4.79302888309125,-12.476649250079,-41.3050191476278,-264.25005924098,-12.476649250079,-12.476649250079
-4.79302888309125,-12.476649250079,-22.2299961755043,-264.25005924098,-12.476649250079,-12.476649250079
-4.79302888309125,-12.476649250079,-22.2299961755043,-264.25005924098,-12.476649250079,-12.476649250079
-14.5668534904177,-12.476649250079,-15.7724367888425,-378.201766407707,-12.476649250079,-12.476649250079
-6.70483381547764,-12.476649250079,-12.641488767244,-274.318258145433,-12.476649250079,-12.476649250079
-4.79302888309125,-12.476649250079,-31.6987591906246,-110.75306224552,-12.476649250079,-12.476649250079
-10.0343753330513,-12.476649250079,-39.0060277014949,-270.719676061427,-12.476649250079,-12.476649250079
-4.79302888309125,-12.476649250079,-31.6987591906246,-264.25005924098,-12.476649250079,-12.476649250079
-6.70483381547764,-12.476649250079,-12.641488767244,-274.318258145433,-12.476649250079,-12.476649250079
-11.9461802654377,-12.476649250079,-35.0035396312464,-227.145872092472,-12.476649250079,-86.1190990675499
-10.7614824132786,-12.476649250079,-43.4480756355905,-49.639137504578,-12.476649250079,-64.3101773365234
-16.5028591081924,-12.476649250079,-42.7568435371587,-70.4252565879628,-12.476649250079,-12.476649250079
-33.1888604663552,-12.476649250079,-12.476649250079,-12.476649250079,-12.476649250079,-12.476649250079
-10.2614521683248,-12.476649250079,-49.0556709006297,-199.198855021024,-12.476649250079,-12.476649250079
-11.9461802654377,-12.476649250079,-42.9954876972625,-172.598939419816,-12.476649250079,-86.1190990675499
-17.1875267153977,-12.476649250079,-32.7045481851134,-448.371387367806,-12.476649250079,-12.476649250079
-25.535678839055,-56.787374234643,-96.5405435657235,-49.6608158079437,-12.476649250079,-293.155968796178
-20.5170682329714,-26.2274493377062,-48.8317810734486,-53.5627296683523,-12.476649250079,-71.8435623018514
-32.0041626141962,-12.476649250079,-12.476649250079,-12.476649250079,-12.476649250079,-12.476649250079
-4.79302888309125,-12.476649250079,-31.6987591906246,-214.111109727146,-12.476649250079,-12.476649250079
-10.0343753330513,-12.476649250079,-29.9963279350536,-270.711590070592,-12.476649250079,-12.476649250079
-15.7757520279651,-84.7190351109367,-23.9898731885517,-12.476649250079,-12.476649250079,-12.476649250079
-10.9902777992445,-12.476649250079,-19.4811751031474,-65.6821199642442,-12.476649250079,-84.0892208427535
-4.79302888309125,-12.476649250079,-41.3050191476278,-110.75306224552,-12.476649250079,-155.374402340569
-4.79302888309125,-12.476649250079,-22.2299961755043,-264.25005924098,-12.476649250079,-12.476649250079
-4.79302888309125,-12.476649250079,-22.2299961755043,-162.979565748654,-12.476649250079,-12.476649250079
-25.8719531005682,-12.476649250079,-12.476649250079,-44.6763102734403,-12.476649250079,-49.0806546696315
-6.93191065075116,-47.3711226955028,-58.4854777901179,-12.476649250079,-12.476649250079,-210.303096910716
-4.79302888309125,-12.476649250079,-22.2299961755043,-264.25005924098,-12.476649250079,-12.476649250079
-4.79302888309125,-12.476649250079,-22.2299961755043,-264.25005924098,-12.476649250079,-12.476649250079
-5.74893134928444,-12.476649250079,-21.1621210808509,-242.05798432758,-12.476649250079,-12.476649250079
-4.79302888309125,-12.476649250079,-22.2299961755043,-264.25005924098,-12.476649250079,-12.476649250079
-6.70483381547764,-12.476649250079,-28.7177252810373,-114.73660189678,-12.476649250079,-12.476649250079
-11.9461802654377,-12.476649250079,-27.0367793033339,-385.759557750481,-12.476649250079,-12.476649250079
-5.7930893729988,-12.476649250079,-47.1353286720279,-90.3196015780399,-12.476649250079,-12.476649250079
-17.1875267153977,-12.476649250079,-25.3343480477629,-341.593996285463,-12.476649250079,-12.476649250079
-4.79302888309125,-12.476649250079,-22.2299961755043,-264.25005924098,-12.476649250079,-12.476649250079
-10.0343753330513,-12.476649250079,-29.9963279350536,-270.711590070592,-12.476649250079,-12.476649250079
-6.70483381547764,-12.476649250079,-28.7177252810373,-274.318258145433,-12.476649250079,-12.476649250079
-4.79302888309125,-12.476649250079,-22.2299961755043,-264.25005924098,-12.476649250079,-12.476649250079
-11.2615126582324,-166.407437719219,-36.5370664216504,-12.476649250079,-12.476649250079,-12.476649250079
-11.9461802654377,-50.9624346707433,-74.6360512619759,-60.6537919313344,-12.476649250079,-86.1190990675499
-14.5668534904177,-12.476649250079,-12.476649250079,-12.476649250079,-12.476649250079,-12.476649250079
-15.5257369054882,-20.0293505255636,-53.3520516896934,-59.7608284804949,-12.476649250079,-80.3244746321697
-17.1875267153977,-12.476649250079,-18.0469034014366,-287.249405795491,-12.476649250079,-88.0860568554118
-11.9461802654377,-12.476649250079,-43.0104222030881,-227.145729621458,-12.476649250079,-12.476649250079
-4.79302888309125,-12.476649250079,-31.6987591906246,-313.524092834436,-12.476649250079,-12.476649250079
-4.79302888309125,-12.476649250079,-22.2299961755043,-313.524092834436,-12.476649250079,-12.476649250079
-4.79302888309125,-12.476649250079,-31.6987591906246,-264.25005924098,-12.476649250079,-12.476649250079
-11.9461802654377,-12.476649250079,-27.0367793033339,-385.759557750481,-12.476649250079,-12.476649250079
-11.9461802654377,-12.476649250079,-35.0035396312464,-385.742073013769,-12.476649250079,-12.476649250079
-10.0343753330513,-12.476649250079,-38.9870792825063,-270.711590070592,-12.476649250079,-12.476649250079
-16.48380986738,-12.476649250079,-12.476649250079,-39.5391248320268,-12.476649250079,-62.734149615551
-28.1724203559702,-49.4651727334431,-15.7679166593298,-12.476649250079,-12.476649250079,-71.6365182820466
-15.2757217830113,-53.3520516896934,-53.3520516896934,-12.476649250079,-12.476649250079,-12.476649250079
-4.79302888309125,-12.476649250079,-31.6987591906246,-214.111109727146,-12.476649250079,-12.476649250079
-11.9461802654377,-12.476649250079,-35.0035396312464,-117.054541761901,-12.476649250079,-166.734080987199
-4.79302888309125,-12.476649250079,-22.2299961755043,-264.25005924098,-12.476649250079,-12.476649250079
-4.79302888309125,-12.476649250079,-31.6987591906246,-313.524092834436,-12.476649250079,-12.476649250079
-11.9461802654377,-12.476649250079,-27.0367793033339,-280.78787496588,-12.476649250079,-12.476649250079
-4.79302888309125,-12.476649250079,-22.2299961755043,-264.25005924098,-12.476649250079,-12.476649250079
-31.2770555339689,-82.1594479922246,-101.62406076963,-36.8138737500436,-12.476649250079,-140.910675532384
-17.1875267153977,-18.0469034014366,-40.0529541140528,-61.7432756046219,-12.476649250079,-12.476649250079
-6.70483381547764,-12.476649250079,-28.7177252810373,-325.642348057625,-12.476649250079,-12.476649250079
-11.9461802654377,-12.476649250079,-27.0152940254664,-333.611234542686,-12.476649250079,-12.476649250079
-4.79302888309125,-12.476649250079,-22.2299961755043,-264.25005924098,-12.476649250079,-12.476649250079
-4.79302888309125,-12.476649250079,-13.6296506606076,-162.979565748654,-12.476649250079,-80.1839877395413
-4.79302888309125,-12.476649250079,-22.2299961755043,-162.979565748654,-12.476649250079,-12.476649250079
-11.9461802654377,-12.476649250079,-50.9624346707433,-172.598939419816,-12.476649250079,-12.476649250079
-4.79302888309125,-12.476649250079,-22.2299961755043,-264.25005924098,-12.476649250079,-12.476649250079
-13.1550788029851,-22.4765310861112,-13.7751400460086,-12.476649250079,-12.476649250079,-70.5664641902874
-4.79302888309125,-12.476649250079,-41.3050191476278,-264.25005924098,-12.476649250079,-12.476649250079
-4.79302888309125,-12.476649250079,-31.6987591906246,-264.25005924098,-12.476649250079,-12.476649250079
-36.9954939416793,-117.054541761901,-199.993194217709,-19.1363870747241,-12.476649250079,-35.7056900316353
-4.79302888309125,-12.476649250079,-22.2299961755043,-264.25005924098,-12.476649250079,-12.476649250079
-4.79302888309125,-12.476649250079,-22.2299961755043,-264.25005924098,-12.476649250079,-12.476649250079
-31.2770555339689,-12.476649250079,-28.9723633159339,-27.0574324007002,-12.476649250079,-12.476649250079
-6.70483381547764,-12.476649250079,-12.641488767244,-222.139315411207,-12.476649250079,-12.476649250079
-4.79302888309125,-12.476649250079,-22.2299961755043,-264.25005924098,-12.476649250079,-12.476649250079
-4.79302888309125,-12.476649250079,-31.6987591906246,-162.979565748654,-12.476649250079,-12.476649250079
-6.70483381547764,-12.476649250079,-12.476649250079,-114.73660189678,-12.476649250079,-12.476649250079
-4.79302888309125,-12.476649250079,-22.2299961755043,-264.25005924098,-12.476649250079,-12.476649250079
-22.6559500006313,-31.9833291326242,-74.5117834613778,-47.8068498734343,-12.476649250079,-12.476649250079
-4.79302888309125,-12.476649250079,-13.6296506606076,-110.75306224552,-12.476649250079,-12.476649250079
-6.70483381547764,-12.476649250079,-63.1971907489457,-114.73660189678,-12.476649250079,-240.047663748258
-21.0214394693223,-42.6982347345792,-81.8377662133775,-37.0919442714792,-12.476649250079,-75.0238530652481
-4.79302888309125,-12.476649250079,-22.2299961755043,-313.524092834436,-12.476649250079,-12.476649250079
-17.6875569603515,-65.3077705503042,-95.9814759459754,-45.3596693128867,-12.476649250079,-252.192876161312
-17.1875267153977,-12.476649250079,-40.0529541140528,-176.20877146117,-12.476649250079,-170.270647564131
-4.79302888309125,-12.476649250079,-22.2299961755043,-264.25005924098,-12.476649250079,-12.476649250079
-4.79302888309125,-12.476649250079,-22.2299961755043,-264.25005924098,-12.476649250079,-12.476649250079
-4.79302888309125,-12.476649250079,-31.6987591906246,-313.524092834436,-12.476649250079,-12.476649250079
-17.1875267153977,-12.476649250079,-32.7045481851134,-287.249405795491,-12.476649250079,-12.476649250079
-20.5170682329714,-12.476649250079,-12.476649250079,-103.226300319699,-12.476649250079,-12.476649250079
-38.157253506635,-12.476649250079,-12.476649250079,-12.476649250079,-12.476649250079,-12.476649250079
-20.5170682329714,-12.476649250079,-100.962840373357,-83.3058868689865,-12.476649250079,-99.7150954855246
-10.0343753330513,-12.476649250079,-30.0178132129211,-371.582098419029,-12.476649250079,-12.476649250079
-4.79302888309125,-12.476649250079,-22.2299961755043,-264.25005924098,-12.476649250079,-12.476649250079
-25.7584146829314,-12.476649250079,-66.4532030780282,-85.6048783151195,-12.476649250079,-150.855090980281
-10.0343753330513,-12.476649250079,-39.0060277014949,-166.589397790007,-12.476649250079,-12.476649250079
-6.70483381547764,-12.476649250079,-28.7177252810373,-376.226369035823,-12.476649250079,-12.476649250079
-17.1875267153977,-12.476649250079,-32.7045481851134,-232.152286302723,-12.476649250079,-12.476649250079
-4.79302888309125,-12.476649250079,-31.6987591906246,-313.524092834436,-12.476649250079,-12.476649250079
-4.79302888309125,-12.476649250079,-13.6296506606076,-264.25005924098,-12.476649250079,-12.476649250079
-31.2952943216025,-57.5232523313404,-57.5232523313404,-22.2669266747181,-12.476649250079,-34.2541428737817
-41.0508801412953,-41.2719286533234,-59.9253242564658,-12.476649250079,-12.476649250079,-38.3925500593238
-4.79302888309125,-12.476649250079,-22.2299961755043,-264.25005924098,-12.476649250079,-12.476649250079
-17.1875267153977,-12.476649250079,-47.3526026293898,-287.249405795491,-12.476649250079,-88.0860568554118
-38.157253506635,-106.565649285865,-156.063459973287,-12.476649250079,-12.476649250079,-209.88206514768
-4.79302888309125,-12.476649250079,-31.6987591906246,-313.524092834436,-12.476649250079,-12.476649250079
-4.79302888309125,-12.476649250079,-22.2299961755043,-162.979565748654,-12.476649250079,-12.476649250079
-4.79302888309125,-12.476649250079,-22.2299961755043,-264.25005924098,-12.476649250079,-12.476649250079
-10.5344055780051,-12.476649250079,-81.7245592387228,-85.9265600939665,-12.476649250079,-206.342711618087
-36.0366105266088,-12.476649250079,-12.476649250079,-38.7963208741707,-12.476649250079,-12.476649250079
-4.79302888309125,-12.476649250079,-22.2299961755043,-264.25005924098,-12.476649250079,-12.476649250079
-11.9461802654377,-12.476649250079,-19.1580653780898,-385.759557750481,-12.476649250079,-12.476649250079
-4.79302888309125,-12.476649250079,-22.2299961755043,-264.25005924098,-12.476649250079,-12.476649250079
-22.4288731653577,-44.8482414221886,-75.1334830355117,-55.5451767924793,-12.476649250079,-345.130966239288
